bbox_height,bbox_width,center_x,center_y,confidence,detector_source,event,frame_index,label,mode,source_path,timestamp,x1,x2,y1,y2
23,37,566,248,0.925,YOLO,detection,1,drone,Mode 1,C:/Users/user/Desktop/python/project/project/assets/raw/video/video_002.mp4,2026-05-06T15:36:40,548,585,237,260
25,37,554,256,0.9205,YOLO,detection,2,drone,Mode 1,C:/Users/user/Desktop/python/project/project/assets/raw/video/video_002.mp4,2026-05-06T15:36:40,536,573,244,269
25,38,558,269,0.9182,YOLO,detection,3,drone,Mode 1,C:/Users/user/Desktop/python/project/project/assets/raw/video/video_002.mp4,2026-05-06T15:36:40,539,577,257,282
26,40,570,280,0.9225,YOLO,detection,4,drone,Mode 1,C:/Users/user/Desktop/python/project/project/assets/raw/video/video_002.mp4,2026-05-06T15:36:40,550,590,267,293
25,41,573,284,0.9187,YOLO,detection,5,drone,Mode 1,C:/Users/user/Desktop/python/project/project/assets/raw/video/video_002.mp4,2026-05-06T15:36:40,553,594,272,297
25,39,566,280,0.9222,YOLO,detection,6,drone,Mode 1,C:/Users/user/Desktop/python/project/project/assets/raw/video/video_002.mp4,2026-05-06T15:36:40,547,586,268,293
25,39,560,275,0.9143,YOLO,detection,7,drone,Mode 1,C:/Users/user/Desktop/python/project/project/assets/raw/video/video_002.mp4,2026-05-06T15:36:40,541,580,263,288
25,40,559,271,0.9328,YOLO,detection,8,drone,Mode 1,C:/Users/user/Desktop/python/project/project/assets/raw/video/video_002.mp4,2026-05-06T15:36:40,539,579,259,284
25,41,561,270,0.9204,YOLO,detection,9,drone,Mode 1,C:/Users/user/Desktop/python/project/project/assets/raw/video/video_002.mp4,2026-05-06T15:36:40,541,582,258,283
25,42,563,271,0.9266,YOLO,detection,10,drone,Mode 1,C:/Users/user/Desktop/python/project/project/assets/raw/video/video_002.mp4,2026-05-06T15:36:40,542,584,259,284
25,41,562,275,0.912,YOLO,detection,11,drone,Mode 1,C:/Users/user/Desktop/python/project/project/assets/raw/video/video_002.mp4,2026-05-06T15:36:40,542,583,263,288
24,40,562,277,0.9189,YOLO,detection,12,drone,Mode 1,C:/Users/user/Desktop/python/project/project/assets/raw/video/video_002.mp4,2026-05-06T15:36:40,542,582,265,289
24,38,561,275,0.9194,YOLO,detection,13,drone,Mode 1,C:/Users/user/Desktop/python/project/project/assets/raw/video/video_002.mp4,2026-05-06T15:36:40,542,580,263,287
24,40,559,271,0.9298,YOLO,detection,14,drone,Mode 1,C:/Users/user/Desktop/python/project/project/assets/raw/video/video_002.mp4,2026-05-06T15:36:40,539,579,259,283
25,40,559,267,0.9228,YOLO,detection,15,drone,Mode 1,C:/Users/user/Desktop/python/project/project/assets/raw/video/video_002.mp4,2026-05-06T15:36:40,539,579,255,280
25,41,557,265,0.9213,YOLO,detection,16,drone,Mode 1,C:/Users/user/Desktop/python/project/project/assets/raw/video/video_002.mp4,2026-05-06T15:36:40,537,578,253,278
25,40,559,264,0.929,YOLO,detection,17,drone,Mode 1,C:/Users/user/Desktop/python/project/project/assets/raw/video/video_002.mp4,2026-05-06T15:36:40,539,579,252,277
25,41,558,263,0.9297,YOLO,detection,18,drone,Mode 1,C:/Users/user/Desktop/python/project/project/assets/raw/video/video_002.mp4,2026-05-06T15:36:40,538,579,251,276
26,42,561,263,0.927,YOLO,detection,19,drone,Mode 1,C:/Users/user/Desktop/python/project/project/assets/raw/video/video_002.mp4,2026-05-06T15:36:40,540,582,250,276
26,41,562,262,0.9157,YOLO,detection,20,drone,Mode 1,C:/Users/user/Desktop/python/project/project/assets/raw/video/video_002.mp4,2026-05-06T15:36:40,542,583,249,275
26,39,558,257,0.9271,YOLO,detection,21,drone,Mode 1,C:/Users/user/Desktop/python/project/project/assets/raw/video/video_002.mp4,2026-05-06T15:36:41,539,578,244,270
26,40,554,257,0.9262,YOLO,detection,22,drone,Mode 1,C:/Users/user/Desktop/python/project/project/assets/raw/video/video_002.mp4,2026-05-06T15:36:41,534,574,244,270
25,40,553,262,0.9221,YOLO,detection,23,drone,Mode 1,C:/Users/user/Desktop/python/project/project/assets/raw/video/video_002.mp4,2026-05-06T15:36:41,533,573,250,275
26,41,550,270,0.9209,YOLO,detection,24,drone,Mode 1,C:/Users/user/Desktop/python/project/project/assets/raw/video/video_002.mp4,2026-05-06T15:36:41,530,571,257,283
24,38,543,279,0.9318,YOLO,detection,25,drone,Mode 1,C:/Users/user/Desktop/python/project/project/assets/raw/video/video_002.mp4,2026-05-06T15:36:41,524,562,267,291
26,39,531,288,0.9249,YOLO,detection,26,drone,Mode 1,C:/Users/user/Desktop/python/project/project/assets/raw/video/video_002.mp4,2026-05-06T15:36:41,512,551,275,301
25,38,520,298,0.9154,YOLO,detection,27,drone,Mode 1,C:/Users/user/Desktop/python/project/project/assets/raw/video/video_002.mp4,2026-05-06T15:36:41,501,539,286,311
25,38,510,309,0.9117,YOLO,detection,28,drone,Mode 1,C:/Users/user/Desktop/python/project/project/assets/raw/video/video_002.mp4,2026-05-06T15:36:41,491,529,297,322
24,39,499,319,0.9211,YOLO,detection,29,drone,Mode 1,C:/Users/user/Desktop/python/project/project/assets/raw/video/video_002.mp4,2026-05-06T15:36:41,480,519,307,331
25,43,488,325,0.9034,YOLO,detection,30,drone,Mode 1,C:/Users/user/Desktop/python/project/project/assets/raw/video/video_002.mp4,2026-05-06T15:36:41,467,510,313,338
25,43,475,332,0.9038,YOLO,detection,31,drone,Mode 1,C:/Users/user/Desktop/python/project/project/assets/raw/video/video_002.mp4,2026-05-06T15:36:41,454,497,320,345
23,41,468,332,0.9126,YOLO,detection,32,drone,Mode 1,C:/Users/user/Desktop/python/project/project/assets/raw/video/video_002.mp4,2026-05-06T15:36:41,448,489,321,344
24,42,469,326,0.9217,YOLO,detection,33,drone,Mode 1,C:/Users/user/Desktop/python/project/project/assets/raw/video/video_002.mp4,2026-05-06T15:36:41,448,490,314,338
24,41,471,324,0.9158,YOLO,detection,34,drone,Mode 1,C:/Users/user/Desktop/python/project/project/assets/raw/video/video_002.mp4,2026-05-06T15:36:41,451,492,312,336
24,40,475,330,0.9204,YOLO,detection,35,drone,Mode 1,C:/Users/user/Desktop/python/project/project/assets/raw/video/video_002.mp4,2026-05-06T15:36:41,455,495,318,342
23,39,476,339,0.9173,YOLO,detection,36,drone,Mode 1,C:/Users/user/Desktop/python/project/project/assets/raw/video/video_002.mp4,2026-05-06T15:36:41,457,496,328,351
24,37,480,349,0.9222,YOLO,detection,37,drone,Mode 1,C:/Users/user/Desktop/python/project/project/assets/raw/video/video_002.mp4,2026-05-06T15:36:41,462,499,337,361
25,42,486,355,0.9222,YOLO,detection,38,drone,Mode 1,C:/Users/user/Desktop/python/project/project/assets/raw/video/video_002.mp4,2026-05-06T15:36:41,465,507,343,368
25,40,493,352,0.9298,YOLO,detection,39,drone,Mode 1,C:/Users/user/Desktop/python/project/project/assets/raw/video/video_002.mp4,2026-05-06T15:36:41,473,513,340,365
24,41,499,341,0.9163,YOLO,detection,40,drone,Mode 1,C:/Users/user/Desktop/python/project/project/assets/raw/video/video_002.mp4,2026-05-06T15:36:41,479,520,329,353
24,39,505,327,0.9311,YOLO,detection,41,drone,Mode 1,C:/Users/user/Desktop/python/project/project/assets/raw/video/video_002.mp4,2026-05-06T15:36:41,486,525,315,339
24,39,511,312,0.9315,YOLO,detection,42,drone,Mode 1,C:/Users/user/Desktop/python/project/project/assets/raw/video/video_002.mp4,2026-05-06T15:36:41,492,531,300,324
24,40,511,303,0.9345,YOLO,detection,43,drone,Mode 1,C:/Users/user/Desktop/python/project/project/assets/raw/video/video_002.mp4,2026-05-06T15:36:42,491,531,291,315
25,40,507,296,0.9302,YOLO,detection,44,drone,Mode 1,C:/Users/user/Desktop/python/project/project/assets/raw/video/video_002.mp4,2026-05-06T15:36:42,487,527,284,309
24,38,504,293,0.9216,YOLO,detection,45,drone,Mode 1,C:/Users/user/Desktop/python/project/project/assets/raw/video/video_002.mp4,2026-05-06T15:36:42,485,523,281,305
25,40,506,293,0.922,YOLO,detection,46,drone,Mode 1,C:/Users/user/Desktop/python/project/project/assets/raw/video/video_002.mp4,2026-05-06T15:36:42,486,526,281,306
24,41,508,295,0.9329,YOLO,detection,47,drone,Mode 1,C:/Users/user/Desktop/python/project/project/assets/raw/video/video_002.mp4,2026-05-06T15:36:42,488,529,283,307
25,43,514,293,0.9123,YOLO,detection,48,drone,Mode 1,C:/Users/user/Desktop/python/project/project/assets/raw/video/video_002.mp4,2026-05-06T15:36:42,493,536,281,306
24,40,523,291,0.9159,YOLO,detection,49,drone,Mode 1,C:/Users/user/Desktop/python/project/project/assets/raw/video/video_002.mp4,2026-05-06T15:36:42,503,543,279,303
25,41,525,287,0.9344,YOLO,detection,50,drone,Mode 1,C:/Users/user/Desktop/python/project/project/assets/raw/video/video_002.mp4,2026-05-06T15:36:42,505,546,275,300
26,42,525,280,0.9242,YOLO,detection,51,drone,Mode 1,C:/Users/user/Desktop/python/project/project/assets/raw/video/video_002.mp4,2026-05-06T15:36:42,504,546,267,293
25,41,523,271,0.9313,YOLO,detection,52,drone,Mode 1,C:/Users/user/Desktop/python/project/project/assets/raw/video/video_002.mp4,2026-05-06T15:36:42,503,544,259,284
25,42,525,263,0.9277,YOLO,detection,53,drone,Mode 1,C:/Users/user/Desktop/python/project/project/assets/raw/video/video_002.mp4,2026-05-06T15:36:42,504,546,251,276
27,42,531,257,0.9245,YOLO,detection,54,drone,Mode 1,C:/Users/user/Desktop/python/project/project/assets/raw/video/video_002.mp4,2026-05-06T15:36:42,510,552,244,271
25,41,538,250,0.9059,YOLO,detection,55,drone,Mode 1,C:/Users/user/Desktop/python/project/project/assets/raw/video/video_002.mp4,2026-05-06T15:36:42,518,559,238,263
24,41,547,246,0.9036,YOLO,detection,56,drone,Mode 1,C:/Users/user/Desktop/python/project/project/assets/raw/video/video_002.mp4,2026-05-06T15:36:42,527,568,234,258
24,40,560,245,0.9131,YOLO,detection,57,drone,Mode 1,C:/Users/user/Desktop/python/project/project/assets/raw/video/video_002.mp4,2026-05-06T15:36:42,540,580,233,257
25,41,573,247,0.9232,YOLO,detection,58,drone,Mode 1,C:/Users/user/Desktop/python/project/project/assets/raw/video/video_002.mp4,2026-05-06T15:36:42,553,594,235,260
27,42,588,256,0.9274,YOLO,detection,59,drone,Mode 1,C:/Users/user/Desktop/python/project/project/assets/raw/video/video_002.mp4,2026-05-06T15:36:42,567,609,243,270
29,44,602,265,0.9174,YOLO,detection,60,drone,Mode 1,C:/Users/user/Desktop/python/project/project/assets/raw/video/video_002.mp4,2026-05-06T15:36:42,580,624,251,280
26,44,609,266,0.9242,YOLO,detection,61,drone,Mode 1,C:/Users/user/Desktop/python/project/project/assets/raw/video/video_002.mp4,2026-05-06T15:36:42,587,631,253,279
27,45,606,264,0.9269,YOLO,detection,62,drone,Mode 1,C:/Users/user/Desktop/python/project/project/assets/raw/video/video_002.mp4,2026-05-06T15:36:42,584,629,251,278
27,44,601,270,0.9261,YOLO,detection,63,drone,Mode 1,C:/Users/user/Desktop/python/project/project/assets/raw/video/video_002.mp4,2026-05-06T15:36:42,579,623,257,284
27,41,594,281,0.9188,YOLO,detection,64,drone,Mode 1,C:/Users/user/Desktop/python/project/project/assets/raw/video/video_002.mp4,2026-05-06T15:36:43,574,615,268,295
29,40,592,302,0.9291,YOLO,detection,65,drone,Mode 1,C:/Users/user/Desktop/python/project/project/assets/raw/video/video_002.mp4,2026-05-06T15:36:43,572,612,288,317
28,42,595,330,0.9213,YOLO,detection,66,drone,Mode 1,C:/Users/user/Desktop/python/project/project/assets/raw/video/video_002.mp4,2026-05-06T15:36:43,574,616,316,344
27,49,597,331,0.9103,YOLO,detection,67,drone,Mode 1,C:/Users/user/Desktop/python/project/project/assets/raw/video/video_002.mp4,2026-05-06T15:36:43,573,622,318,345
28,44,597,321,0.9123,YOLO,detection,68,drone,Mode 1,C:/Users/user/Desktop/python/project/project/assets/raw/video/video_002.mp4,2026-05-06T15:36:43,575,619,307,335
27,48,599,314,0.9165,YOLO,detection,69,drone,Mode 1,C:/Users/user/Desktop/python/project/project/assets/raw/video/video_002.mp4,2026-05-06T15:36:43,575,623,301,328
27,48,600,314,0.9173,YOLO,detection,70,drone,Mode 1,C:/Users/user/Desktop/python/project/project/assets/raw/video/video_002.mp4,2026-05-06T15:36:43,576,624,301,328
27,48,593,315,0.9109,YOLO,detection,71,drone,Mode 1,C:/Users/user/Desktop/python/project/project/assets/raw/video/video_002.mp4,2026-05-06T15:36:43,569,617,302,329
28,49,580,316,0.9025,YOLO,detection,72,drone,Mode 1,C:/Users/user/Desktop/python/project/project/assets/raw/video/video_002.mp4,2026-05-06T15:36:43,556,605,302,330
30,54,567,314,0.9061,YOLO,detection,73,drone,Mode 1,C:/Users/user/Desktop/python/project/project/assets/raw/video/video_002.mp4,2026-05-06T15:36:43,540,594,299,329
28,48,553,311,0.9131,YOLO,detection,74,drone,Mode 1,C:/Users/user/Desktop/python/project/project/assets/raw/video/video_002.mp4,2026-05-06T15:36:43,529,577,297,325
27,46,539,310,0.9181,YOLO,detection,75,drone,Mode 1,C:/Users/user/Desktop/python/project/project/assets/raw/video/video_002.mp4,2026-05-06T15:36:43,516,562,297,324
26,44,529,308,0.9145,YOLO,detection,76,drone,Mode 1,C:/Users/user/Desktop/python/project/project/assets/raw/video/video_002.mp4,2026-05-06T15:36:43,507,551,295,321
26,42,523,303,0.9291,YOLO,detection,77,drone,Mode 1,C:/Users/user/Desktop/python/project/project/assets/raw/video/video_002.mp4,2026-05-06T15:36:43,502,544,290,316
27,44,514,299,0.9171,YOLO,detection,78,drone,Mode 1,C:/Users/user/Desktop/python/project/project/assets/raw/video/video_002.mp4,2026-05-06T15:36:43,492,536,286,313
26,44,504,295,0.9236,YOLO,detection,79,drone,Mode 1,C:/Users/user/Desktop/python/project/project/assets/raw/video/video_002.mp4,2026-05-06T15:36:43,482,526,282,308
25,42,495,290,0.9142,YOLO,detection,80,drone,Mode 1,C:/Users/user/Desktop/python/project/project/assets/raw/video/video_002.mp4,2026-05-06T15:36:43,474,516,278,303
26,40,488,285,0.9218,YOLO,detection,81,drone,Mode 1,C:/Users/user/Desktop/python/project/project/assets/raw/video/video_002.mp4,2026-05-06T15:36:43,468,508,272,298
26,43,481,280,0.9292,YOLO,detection,82,drone,Mode 1,C:/Users/user/Desktop/python/project/project/assets/raw/video/video_002.mp4,2026-05-06T15:36:43,460,503,267,293
24,42,476,276,0.9148,YOLO,detection,83,drone,Mode 1,C:/Users/user/Desktop/python/project/project/assets/raw/video/video_002.mp4,2026-05-06T15:36:43,455,497,264,288
26,40,471,274,0.9167,YOLO,detection,84,drone,Mode 1,C:/Users/user/Desktop/python/project/project/assets/raw/video/video_002.mp4,2026-05-06T15:36:43,451,491,261,287
25,40,466,272,0.9266,YOLO,detection,85,drone,Mode 1,C:/Users/user/Desktop/python/project/project/assets/raw/video/video_002.mp4,2026-05-06T15:36:44,446,486,260,285
25,39,462,271,0.9362,YOLO,detection,86,drone,Mode 1,C:/Users/user/Desktop/python/project/project/assets/raw/video/video_002.mp4,2026-05-06T15:36:44,443,482,259,284
25,40,459,268,0.9174,YOLO,detection,87,drone,Mode 1,C:/Users/user/Desktop/python/project/project/assets/raw/video/video_002.mp4,2026-05-06T15:36:44,439,479,256,281
26,42,455,269,0.9227,YOLO,detection,88,drone,Mode 1,C:/Users/user/Desktop/python/project/project/assets/raw/video/video_002.mp4,2026-05-06T15:36:44,434,476,256,282
25,41,452,268,0.9186,YOLO,detection,89,drone,Mode 1,C:/Users/user/Desktop/python/project/project/assets/raw/video/video_002.mp4,2026-05-06T15:36:44,432,473,256,281
24,39,450,266,0.9138,YOLO,detection,90,drone,Mode 1,C:/Users/user/Desktop/python/project/project/assets/raw/video/video_002.mp4,2026-05-06T15:36:44,431,470,254,278
25,39,450,261,0.9208,YOLO,detection,91,drone,Mode 1,C:/Users/user/Desktop/python/project/project/assets/raw/video/video_002.mp4,2026-05-06T15:36:44,431,470,249,274
25,39,453,257,0.9224,YOLO,detection,92,drone,Mode 1,C:/Users/user/Desktop/python/project/project/assets/raw/video/video_002.mp4,2026-05-06T15:36:44,434,473,245,270
24,39,458,260,0.9121,YOLO,detection,93,drone,Mode 1,C:/Users/user/Desktop/python/project/project/assets/raw/video/video_002.mp4,2026-05-06T15:36:44,439,478,248,272
25,40,464,266,0.9125,YOLO,detection,94,drone,Mode 1,C:/Users/user/Desktop/python/project/project/assets/raw/video/video_002.mp4,2026-05-06T15:36:44,444,484,254,279
26,41,468,273,0.9282,YOLO,detection,95,drone,Mode 1,C:/Users/user/Desktop/python/project/project/assets/raw/video/video_002.mp4,2026-05-06T15:36:44,448,489,260,286
25,41,471,276,0.9229,YOLO,detection,96,drone,Mode 1,C:/Users/user/Desktop/python/project/project/assets/raw/video/video_002.mp4,2026-05-06T15:36:44,451,492,264,289
24,41,473,277,0.9222,YOLO,detection,97,drone,Mode 1,C:/Users/user/Desktop/python/project/project/assets/raw/video/video_002.mp4,2026-05-06T15:36:44,453,494,265,289
26,42,476,273,0.9232,YOLO,detection,98,drone,Mode 1,C:/Users/user/Desktop/python/project/project/assets/raw/video/video_002.mp4,2026-05-06T15:36:44,455,497,260,286
25,42,481,267,0.9167,YOLO,detection,99,drone,Mode 1,C:/Users/user/Desktop/python/project/project/assets/raw/video/video_002.mp4,2026-05-06T15:36:44,460,502,255,280
25,40,484,265,0.9209,YOLO,detection,100,drone,Mode 1,C:/Users/user/Desktop/python/project/project/assets/raw/video/video_002.mp4,2026-05-06T15:36:44,464,504,253,278
25,41,485,267,0.9208,YOLO,detection,101,drone,Mode 1,C:/Users/user/Desktop/python/project/project/assets/raw/video/video_002.mp4,2026-05-06T15:36:44,465,506,255,280
24,40,488,272,0.931,YOLO,detection,102,drone,Mode 1,C:/Users/user/Desktop/python/project/project/assets/raw/video/video_002.mp4,2026-05-06T15:36:44,468,508,260,284
25,41,491,274,0.9196,YOLO,detection,103,drone,Mode 1,C:/Users/user/Desktop/python/project/project/assets/raw/video/video_002.mp4,2026-05-06T15:36:44,471,512,262,287
25,42,493,275,0.916,YOLO,detection,104,drone,Mode 1,C:/Users/user/Desktop/python/project/project/assets/raw/video/video_002.mp4,2026-05-06T15:36:44,472,514,263,288
25,41,489,274,0.9138,YOLO,detection,105,drone,Mode 1,C:/Users/user/Desktop/python/project/project/assets/raw/video/video_002.mp4,2026-05-06T15:36:44,469,510,262,287
26,43,483,276,0.9099,YOLO,detection,106,drone,Mode 1,C:/Users/user/Desktop/python/project/project/assets/raw/video/video_002.mp4,2026-05-06T15:36:45,462,505,263,289
26,41,478,281,0.9234,YOLO,detection,107,drone,Mode 1,C:/Users/user/Desktop/python/project/project/assets/raw/video/video_002.mp4,2026-05-06T15:36:45,458,499,268,294
26,41,475,285,0.923,YOLO,detection,108,drone,Mode 1,C:/Users/user/Desktop/python/project/project/assets/raw/video/video_002.mp4,2026-05-06T15:36:45,455,496,272,298
25,39,472,287,0.9339,YOLO,detection,109,drone,Mode 1,C:/Users/user/Desktop/python/project/project/assets/raw/video/video_002.mp4,2026-05-06T15:36:45,453,492,275,300
25,40,469,290,0.9212,YOLO,detection,110,drone,Mode 1,C:/Users/user/Desktop/python/project/project/assets/raw/video/video_002.mp4,2026-05-06T15:36:45,449,489,278,303
25,42,464,295,0.9343,YOLO,detection,111,drone,Mode 1,C:/Users/user/Desktop/python/project/project/assets/raw/video/video_002.mp4,2026-05-06T15:36:45,443,485,283,308
25,41,457,296,0.9292,YOLO,detection,112,drone,Mode 1,C:/Users/user/Desktop/python/project/project/assets/raw/video/video_002.mp4,2026-05-06T15:36:45,437,478,284,309
26,39,451,290,0.9172,YOLO,detection,113,drone,Mode 1,C:/Users/user/Desktop/python/project/project/assets/raw/video/video_002.mp4,2026-05-06T15:36:45,432,471,277,303
25,40,450,279,0.9312,YOLO,detection,114,drone,Mode 1,C:/Users/user/Desktop/python/project/project/assets/raw/video/video_002.mp4,2026-05-06T15:36:45,430,470,267,292
23,39,448,276,0.9199,YOLO,detection,115,drone,Mode 1,C:/Users/user/Desktop/python/project/project/assets/raw/video/video_002.mp4,2026-05-06T15:36:45,429,468,265,288
24,39,445,277,0.921,YOLO,detection,116,drone,Mode 1,C:/Users/user/Desktop/python/project/project/assets/raw/video/video_002.mp4,2026-05-06T15:36:45,426,465,265,289
25,40,441,279,0.9345,YOLO,detection,117,drone,Mode 1,C:/Users/user/Desktop/python/project/project/assets/raw/video/video_002.mp4,2026-05-06T15:36:45,421,461,267,292
25,41,435,281,0.9248,YOLO,detection,118,drone,Mode 1,C:/Users/user/Desktop/python/project/project/assets/raw/video/video_002.mp4,2026-05-06T15:36:45,415,456,269,294
25,39,432,283,0.9222,YOLO,detection,119,drone,Mode 1,C:/Users/user/Desktop/python/project/project/assets/raw/video/video_002.mp4,2026-05-06T15:36:45,413,452,271,296
25,39,431,283,0.9211,YOLO,detection,120,drone,Mode 1,C:/Users/user/Desktop/python/project/project/assets/raw/video/video_002.mp4,2026-05-06T15:36:45,412,451,271,296
24,39,429,283,0.9187,YOLO,detection,121,drone,Mode 1,C:/Users/user/Desktop/python/project/project/assets/raw/video/video_002.mp4,2026-05-06T15:36:45,410,449,271,295
25,40,423,281,0.9182,YOLO,detection,122,drone,Mode 1,C:/Users/user/Desktop/python/project/project/assets/raw/video/video_002.mp4,2026-05-06T15:36:45,403,443,269,294
25,40,415,280,0.9268,YOLO,detection,123,drone,Mode 1,C:/Users/user/Desktop/python/project/project/assets/raw/video/video_002.mp4,2026-05-06T15:36:45,395,435,268,293
25,38,407,280,0.9283,YOLO,detection,124,drone,Mode 1,C:/Users/user/Desktop/python/project/project/assets/raw/video/video_002.mp4,2026-05-06T15:36:45,388,426,268,293
24,39,403,280,0.9326,YOLO,detection,125,drone,Mode 1,C:/Users/user/Desktop/python/project/project/assets/raw/video/video_002.mp4,2026-05-06T15:36:45,384,423,268,292
24,39,407,276,0.9206,YOLO,detection,126,drone,Mode 1,C:/Users/user/Desktop/python/project/project/assets/raw/video/video_002.mp4,2026-05-06T15:36:45,388,427,264,288
24,40,414,271,0.9308,YOLO,detection,127,drone,Mode 1,C:/Users/user/Desktop/python/project/project/assets/raw/video/video_002.mp4,2026-05-06T15:36:46,394,434,259,283
24,39,418,266,0.9171,YOLO,detection,128,drone,Mode 1,C:/Users/user/Desktop/python/project/project/assets/raw/video/video_002.mp4,2026-05-06T15:36:46,399,438,254,278
25,39,421,264,0.9291,YOLO,detection,129,drone,Mode 1,C:/Users/user/Desktop/python/project/project/assets/raw/video/video_002.mp4,2026-05-06T15:36:46,402,441,252,277
25,39,422,264,0.9301,YOLO,detection,130,drone,Mode 1,C:/Users/user/Desktop/python/project/project/assets/raw/video/video_002.mp4,2026-05-06T15:36:46,403,442,252,277
24,38,424,266,0.9145,YOLO,detection,131,drone,Mode 1,C:/Users/user/Desktop/python/project/project/assets/raw/video/video_002.mp4,2026-05-06T15:36:46,405,443,254,278
25,40,428,267,0.9178,YOLO,detection,132,drone,Mode 1,C:/Users/user/Desktop/python/project/project/assets/raw/video/video_002.mp4,2026-05-06T15:36:46,408,448,255,280
24,39,432,269,0.9212,YOLO,detection,133,drone,Mode 1,C:/Users/user/Desktop/python/project/project/assets/raw/video/video_002.mp4,2026-05-06T15:36:46,413,452,257,281
24,40,438,271,0.9328,YOLO,detection,134,drone,Mode 1,C:/Users/user/Desktop/python/project/project/assets/raw/video/video_002.mp4,2026-05-06T15:36:46,418,458,259,283
24,40,445,275,0.9168,YOLO,detection,135,drone,Mode 1,C:/Users/user/Desktop/python/project/project/assets/raw/video/video_002.mp4,2026-05-06T15:36:46,425,465,263,287
25,39,451,280,0.9244,YOLO,detection,136,drone,Mode 1,C:/Users/user/Desktop/python/project/project/assets/raw/video/video_002.mp4,2026-05-06T15:36:46,432,471,268,293
24,39,454,288,0.9341,YOLO,detection,137,drone,Mode 1,C:/Users/user/Desktop/python/project/project/assets/raw/video/video_002.mp4,2026-05-06T15:36:46,435,474,276,300
24,39,455,294,0.9259,YOLO,detection,138,drone,Mode 1,C:/Users/user/Desktop/python/project/project/assets/raw/video/video_002.mp4,2026-05-06T15:36:46,436,475,282,306
25,41,457,296,0.9267,YOLO,detection,139,drone,Mode 1,C:/Users/user/Desktop/python/project/project/assets/raw/video/video_002.mp4,2026-05-06T15:36:46,437,478,284,309
25,40,459,297,0.9241,YOLO,detection,140,drone,Mode 1,C:/Users/user/Desktop/python/project/project/assets/raw/video/video_002.mp4,2026-05-06T15:36:46,439,479,285,310
25,40,463,294,0.9321,YOLO,detection,141,drone,Mode 1,C:/Users/user/Desktop/python/project/project/assets/raw/video/video_002.mp4,2026-05-06T15:36:46,443,483,282,307
25,39,466,287,0.9362,YOLO,detection,142,drone,Mode 1,C:/Users/user/Desktop/python/project/project/assets/raw/video/video_002.mp4,2026-05-06T15:36:46,447,486,275,300
24,40,471,277,0.9224,YOLO,detection,143,drone,Mode 1,C:/Users/user/Desktop/python/project/project/assets/raw/video/video_002.mp4,2026-05-06T15:36:46,451,491,265,289
24,40,475,266,0.9206,YOLO,detection,144,drone,Mode 1,C:/Users/user/Desktop/python/project/project/assets/raw/video/video_002.mp4,2026-05-06T15:36:46,455,495,254,278
25,40,475,259,0.9106,YOLO,detection,145,drone,Mode 1,C:/Users/user/Desktop/python/project/project/assets/raw/video/video_002.mp4,2026-05-06T15:36:46,455,495,247,272
25,40,472,258,0.9245,YOLO,detection,146,drone,Mode 1,C:/Users/user/Desktop/python/project/project/assets/raw/video/video_002.mp4,2026-05-06T15:36:46,452,492,246,271
25,41,467,260,0.9165,YOLO,detection,147,drone,Mode 1,C:/Users/user/Desktop/python/project/project/assets/raw/video/video_002.mp4,2026-05-06T15:36:46,447,488,248,273
25,41,464,263,0.9338,YOLO,detection,148,drone,Mode 1,C:/Users/user/Desktop/python/project/project/assets/raw/video/video_002.mp4,2026-05-06T15:36:46,444,485,251,276
25,41,463,265,0.9279,YOLO,detection,149,drone,Mode 1,C:/Users/user/Desktop/python/project/project/assets/raw/video/video_002.mp4,2026-05-06T15:36:47,443,484,253,278
25,40,462,264,0.9316,YOLO,detection,150,drone,Mode 1,C:/Users/user/Desktop/python/project/project/assets/raw/video/video_002.mp4,2026-05-06T15:36:47,442,482,252,277
25,40,461,264,0.9303,YOLO,detection,151,drone,Mode 1,C:/Users/user/Desktop/python/project/project/assets/raw/video/video_002.mp4,2026-05-06T15:36:47,441,481,252,277
24,40,463,267,0.9175,YOLO,detection,152,drone,Mode 1,C:/Users/user/Desktop/python/project/project/assets/raw/video/video_002.mp4,2026-05-06T15:36:47,443,483,255,279
24,40,466,270,0.9249,YOLO,detection,153,drone,Mode 1,C:/Users/user/Desktop/python/project/project/assets/raw/video/video_002.mp4,2026-05-06T15:36:47,446,486,258,282
24,40,470,272,0.9346,YOLO,detection,154,drone,Mode 1,C:/Users/user/Desktop/python/project/project/assets/raw/video/video_002.mp4,2026-05-06T15:36:47,450,490,260,284
24,40,473,272,0.934,YOLO,detection,155,drone,Mode 1,C:/Users/user/Desktop/python/project/project/assets/raw/video/video_002.mp4,2026-05-06T15:36:47,453,493,260,284
25,41,474,271,0.9368,YOLO,detection,156,drone,Mode 1,C:/Users/user/Desktop/python/project/project/assets/raw/video/video_002.mp4,2026-05-06T15:36:47,454,495,259,284
24,40,475,271,0.931,YOLO,detection,157,drone,Mode 1,C:/Users/user/Desktop/python/project/project/assets/raw/video/video_002.mp4,2026-05-06T15:36:47,455,495,259,283
24,40,474,271,0.9305,YOLO,detection,158,drone,Mode 1,C:/Users/user/Desktop/python/project/project/assets/raw/video/video_002.mp4,2026-05-06T15:36:47,454,494,259,283
24,42,472,268,0.9173,YOLO,detection,159,drone,Mode 1,C:/Users/user/Desktop/python/project/project/assets/raw/video/video_002.mp4,2026-05-06T15:36:47,451,493,256,280
26,42,468,264,0.9289,YOLO,detection,160,drone,Mode 1,C:/Users/user/Desktop/python/project/project/assets/raw/video/video_002.mp4,2026-05-06T15:36:47,447,489,251,277
26,42,466,261,0.917,YOLO,detection,161,drone,Mode 1,C:/Users/user/Desktop/python/project/project/assets/raw/video/video_002.mp4,2026-05-06T15:36:47,445,487,248,274
25,41,463,260,0.9231,YOLO,detection,162,drone,Mode 1,C:/Users/user/Desktop/python/project/project/assets/raw/video/video_002.mp4,2026-05-06T15:36:47,443,484,248,273
24,41,460,261,0.92,YOLO,detection,163,drone,Mode 1,C:/Users/user/Desktop/python/project/project/assets/raw/video/video_002.mp4,2026-05-06T15:36:47,440,481,249,273
25,40,458,259,0.9175,YOLO,detection,164,drone,Mode 1,C:/Users/user/Desktop/python/project/project/assets/raw/video/video_002.mp4,2026-05-06T15:36:47,438,478,247,272
25,40,455,256,0.9327,YOLO,detection,165,drone,Mode 1,C:/Users/user/Desktop/python/project/project/assets/raw/video/video_002.mp4,2026-05-06T15:36:47,435,475,244,269
25,40,451,252,0.9174,YOLO,detection,166,drone,Mode 1,C:/Users/user/Desktop/python/project/project/assets/raw/video/video_002.mp4,2026-05-06T15:36:47,431,471,240,265
23,38,446,251,0.9146,YOLO,detection,167,drone,Mode 1,C:/Users/user/Desktop/python/project/project/assets/raw/video/video_002.mp4,2026-05-06T15:36:47,427,465,240,263
23,39,440,250,0.914,YOLO,detection,168,drone,Mode 1,C:/Users/user/Desktop/python/project/project/assets/raw/video/video_002.mp4,2026-05-06T15:36:47,421,460,239,262
24,39,433,250,0.9114,YOLO,detection,169,drone,Mode 1,C:/Users/user/Desktop/python/project/project/assets/raw/video/video_002.mp4,2026-05-06T15:36:47,414,453,238,262
24,39,429,250,0.9223,YOLO,detection,170,drone,Mode 1,C:/Users/user/Desktop/python/project/project/assets/raw/video/video_002.mp4,2026-05-06T15:36:48,410,449,238,262
24,38,426,251,0.9165,YOLO,detection,171,drone,Mode 1,C:/Users/user/Desktop/python/project/project/assets/raw/video/video_002.mp4,2026-05-06T15:36:48,407,445,239,263
25,39,424,251,0.9187,YOLO,detection,172,drone,Mode 1,C:/Users/user/Desktop/python/project/project/assets/raw/video/video_002.mp4,2026-05-06T15:36:48,405,444,239,264
24,39,421,250,0.9199,YOLO,detection,173,drone,Mode 1,C:/Users/user/Desktop/python/project/project/assets/raw/video/video_002.mp4,2026-05-06T15:36:48,402,441,238,262
23,39,417,245,0.9104,YOLO,detection,174,drone,Mode 1,C:/Users/user/Desktop/python/project/project/assets/raw/video/video_002.mp4,2026-05-06T15:36:48,398,437,234,257
25,38,415,239,0.9279,YOLO,detection,175,drone,Mode 1,C:/Users/user/Desktop/python/project/project/assets/raw/video/video_002.mp4,2026-05-06T15:36:48,396,434,227,252
25,39,412,235,0.9121,YOLO,detection,176,drone,Mode 1,C:/Users/user/Desktop/python/project/project/assets/raw/video/video_002.mp4,2026-05-06T15:36:48,393,432,223,248
25,39,411,231,0.926,YOLO,detection,177,drone,Mode 1,C:/Users/user/Desktop/python/project/project/assets/raw/video/video_002.mp4,2026-05-06T15:36:48,392,431,219,244
25,40,410,229,0.9168,YOLO,detection,178,drone,Mode 1,C:/Users/user/Desktop/python/project/project/assets/raw/video/video_002.mp4,2026-05-06T15:36:48,390,430,217,242
25,39,410,225,0.9191,YOLO,detection,179,drone,Mode 1,C:/Users/user/Desktop/python/project/project/assets/raw/video/video_002.mp4,2026-05-06T15:36:48,391,430,213,238
25,39,408,222,0.9234,YOLO,detection,180,drone,Mode 1,C:/Users/user/Desktop/python/project/project/assets/raw/video/video_002.mp4,2026-05-06T15:36:48,389,428,210,235
25,41,405,221,0.9114,YOLO,detection,181,drone,Mode 1,C:/Users/user/Desktop/python/project/project/assets/raw/video/video_002.mp4,2026-05-06T15:36:48,385,426,209,234
26,39,403,222,0.9165,YOLO,detection,182,drone,Mode 1,C:/Users/user/Desktop/python/project/project/assets/raw/video/video_002.mp4,2026-05-06T15:36:48,384,423,209,235
26,41,403,221,0.9108,YOLO,detection,183,drone,Mode 1,C:/Users/user/Desktop/python/project/project/assets/raw/video/video_002.mp4,2026-05-06T15:36:48,383,424,208,234
25,40,405,219,0.9138,YOLO,detection,184,drone,Mode 1,C:/Users/user/Desktop/python/project/project/assets/raw/video/video_002.mp4,2026-05-06T15:36:48,385,425,207,232
26,39,407,218,0.9182,YOLO,detection,185,drone,Mode 1,C:/Users/user/Desktop/python/project/project/assets/raw/video/video_002.mp4,2026-05-06T15:36:48,388,427,205,231
26,39,409,218,0.9149,YOLO,detection,186,drone,Mode 1,C:/Users/user/Desktop/python/project/project/assets/raw/video/video_002.mp4,2026-05-06T15:36:48,390,429,205,231
25,40,413,218,0.92,YOLO,detection,187,drone,Mode 1,C:/Users/user/Desktop/python/project/project/assets/raw/video/video_002.mp4,2026-05-06T15:36:48,393,433,206,231
26,41,415,217,0.924,YOLO,detection,188,drone,Mode 1,C:/Users/user/Desktop/python/project/project/assets/raw/video/video_002.mp4,2026-05-06T15:36:48,395,436,204,230
26,41,418,213,0.9133,YOLO,detection,189,drone,Mode 1,C:/Users/user/Desktop/python/project/project/assets/raw/video/video_002.mp4,2026-05-06T15:36:48,398,439,200,226
26,39,421,208,0.9193,YOLO,detection,190,drone,Mode 1,C:/Users/user/Desktop/python/project/project/assets/raw/video/video_002.mp4,2026-05-06T15:36:48,402,441,195,221
25,40,425,203,0.9069,YOLO,detection,191,drone,Mode 1,C:/Users/user/Desktop/python/project/project/assets/raw/video/video_002.mp4,2026-05-06T15:36:48,405,445,191,216
26,40,427,202,0.9157,YOLO,detection,192,drone,Mode 1,C:/Users/user/Desktop/python/project/project/assets/raw/video/video_002.mp4,2026-05-06T15:36:49,407,447,189,215
26,40,429,201,0.9198,YOLO,detection,193,drone,Mode 1,C:/Users/user/Desktop/python/project/project/assets/raw/video/video_002.mp4,2026-05-06T15:36:49,409,449,188,214
25,39,432,199,0.9319,YOLO,detection,194,drone,Mode 1,C:/Users/user/Desktop/python/project/project/assets/raw/video/video_002.mp4,2026-05-06T15:36:49,413,452,187,212
27,42,440,202,0.9192,YOLO,detection,195,drone,Mode 1,C:/Users/user/Desktop/python/project/project/assets/raw/video/video_002.mp4,2026-05-06T15:36:49,419,461,189,216
26,41,447,210,0.9194,YOLO,detection,196,drone,Mode 1,C:/Users/user/Desktop/python/project/project/assets/raw/video/video_002.mp4,2026-05-06T15:36:49,427,468,197,223
26,40,455,216,0.9315,YOLO,detection,197,drone,Mode 1,C:/Users/user/Desktop/python/project/project/assets/raw/video/video_002.mp4,2026-05-06T15:36:49,435,475,203,229
26,43,460,217,0.9237,YOLO,detection,198,drone,Mode 1,C:/Users/user/Desktop/python/project/project/assets/raw/video/video_002.mp4,2026-05-06T15:36:49,439,482,204,230
28,49,467,214,0.9142,YOLO,detection,199,drone,Mode 1,C:/Users/user/Desktop/python/project/project/assets/raw/video/video_002.mp4,2026-05-06T15:36:49,443,492,200,228
27,45,475,207,0.9139,YOLO,detection,200,drone,Mode 1,C:/Users/user/Desktop/python/project/project/assets/raw/video/video_002.mp4,2026-05-06T15:36:49,453,498,194,221
29,47,483,200,0.9126,YOLO,detection,201,drone,Mode 1,C:/Users/user/Desktop/python/project/project/assets/raw/video/video_002.mp4,2026-05-06T15:36:49,460,507,186,215
28,48,493,197,0.9152,YOLO,detection,202,drone,Mode 1,C:/Users/user/Desktop/python/project/project/assets/raw/video/video_002.mp4,2026-05-06T15:36:49,469,517,183,211
28,45,500,198,0.9224,YOLO,detection,203,drone,Mode 1,C:/Users/user/Desktop/python/project/project/assets/raw/video/video_002.mp4,2026-05-06T15:36:49,478,523,184,212
28,42,506,203,0.9188,YOLO,detection,204,drone,Mode 1,C:/Users/user/Desktop/python/project/project/assets/raw/video/video_002.mp4,2026-05-06T15:36:49,485,527,189,217
28,45,511,207,0.9104,YOLO,detection,205,drone,Mode 1,C:/Users/user/Desktop/python/project/project/assets/raw/video/video_002.mp4,2026-05-06T15:36:49,489,534,193,221
28,46,516,209,0.9073,YOLO,detection,206,drone,Mode 1,C:/Users/user/Desktop/python/project/project/assets/raw/video/video_002.mp4,2026-05-06T15:36:49,493,539,195,223
29,46,522,209,0.916,YOLO,detection,207,drone,Mode 1,C:/Users/user/Desktop/python/project/project/assets/raw/video/video_002.mp4,2026-05-06T15:36:49,499,545,195,224
28,43,528,210,0.9152,YOLO,detection,208,drone,Mode 1,C:/Users/user/Desktop/python/project/project/assets/raw/video/video_002.mp4,2026-05-06T15:36:49,507,550,196,224
27,42,534,209,0.9172,YOLO,detection,209,drone,Mode 1,C:/Users/user/Desktop/python/project/project/assets/raw/video/video_002.mp4,2026-05-06T15:36:49,513,555,196,223
28,41,538,208,0.9171,YOLO,detection,210,drone,Mode 1,C:/Users/user/Desktop/python/project/project/assets/raw/video/video_002.mp4,2026-05-06T15:36:49,518,559,194,222
28,41,541,208,0.9212,YOLO,detection,211,drone,Mode 1,C:/Users/user/Desktop/python/project/project/assets/raw/video/video_002.mp4,2026-05-06T15:36:49,521,562,194,222
27,42,542,210,0.923,YOLO,detection,212,drone,Mode 1,C:/Users/user/Desktop/python/project/project/assets/raw/video/video_002.mp4,2026-05-06T15:36:49,521,563,197,224
26,40,541,212,0.9201,YOLO,detection,213,drone,Mode 1,C:/Users/user/Desktop/python/project/project/assets/raw/video/video_002.mp4,2026-05-06T15:36:50,521,561,199,225
27,41,539,211,0.921,YOLO,detection,214,drone,Mode 1,C:/Users/user/Desktop/python/project/project/assets/raw/video/video_002.mp4,2026-05-06T15:36:50,519,560,198,225
27,42,537,210,0.9164,YOLO,detection,215,drone,Mode 1,C:/Users/user/Desktop/python/project/project/assets/raw/video/video_002.mp4,2026-05-06T15:36:50,516,558,197,224
27,42,533,207,0.9166,YOLO,detection,216,drone,Mode 1,C:/Users/user/Desktop/python/project/project/assets/raw/video/video_002.mp4,2026-05-06T15:36:50,512,554,194,221
27,42,528,203,0.9131,YOLO,detection,217,drone,Mode 1,C:/Users/user/Desktop/python/project/project/assets/raw/video/video_002.mp4,2026-05-06T15:36:50,507,549,190,217
28,42,519,198,0.9268,YOLO,detection,218,drone,Mode 1,C:/Users/user/Desktop/python/project/project/assets/raw/video/video_002.mp4,2026-05-06T15:36:50,498,540,184,212
27,41,510,192,0.9149,YOLO,detection,219,drone,Mode 1,C:/Users/user/Desktop/python/project/project/assets/raw/video/video_002.mp4,2026-05-06T15:36:50,490,531,179,206
27,40,503,188,0.9186,YOLO,detection,220,drone,Mode 1,C:/Users/user/Desktop/python/project/project/assets/raw/video/video_002.mp4,2026-05-06T15:36:50,483,523,175,202
26,41,495,188,0.9207,YOLO,detection,221,drone,Mode 1,C:/Users/user/Desktop/python/project/project/assets/raw/video/video_002.mp4,2026-05-06T15:36:50,475,516,175,201
26,40,486,190,0.9269,YOLO,detection,222,drone,Mode 1,C:/Users/user/Desktop/python/project/project/assets/raw/video/video_002.mp4,2026-05-06T15:36:50,466,506,177,203
26,39,473,191,0.9269,YOLO,detection,223,drone,Mode 1,C:/Users/user/Desktop/python/project/project/assets/raw/video/video_002.mp4,2026-05-06T15:36:50,454,493,178,204
26,42,460,188,0.9017,YOLO,detection,224,drone,Mode 1,C:/Users/user/Desktop/python/project/project/assets/raw/video/video_002.mp4,2026-05-06T15:36:50,439,481,175,201
26,40,446,182,0.9174,YOLO,detection,225,drone,Mode 1,C:/Users/user/Desktop/python/project/project/assets/raw/video/video_002.mp4,2026-05-06T15:36:50,426,466,169,195
26,37,432,176,0.9283,YOLO,detection,226,drone,Mode 1,C:/Users/user/Desktop/python/project/project/assets/raw/video/video_002.mp4,2026-05-06T15:36:50,414,451,163,189
26,37,422,172,0.9176,YOLO,detection,227,drone,Mode 1,C:/Users/user/Desktop/python/project/project/assets/raw/video/video_002.mp4,2026-05-06T15:36:50,404,441,159,185
25,36,414,171,0.9185,YOLO,detection,228,drone,Mode 1,C:/Users/user/Desktop/python/project/project/assets/raw/video/video_002.mp4,2026-05-06T15:36:50,396,432,159,184
24,36,406,172,0.9171,YOLO,detection,229,drone,Mode 1,C:/Users/user/Desktop/python/project/project/assets/raw/video/video_002.mp4,2026-05-06T15:36:50,388,424,160,184
25,37,398,175,0.9296,YOLO,detection,230,drone,Mode 1,C:/Users/user/Desktop/python/project/project/assets/raw/video/video_002.mp4,2026-05-06T15:36:50,380,417,163,188
25,37,392,180,0.9214,YOLO,detection,231,drone,Mode 1,C:/Users/user/Desktop/python/project/project/assets/raw/video/video_002.mp4,2026-05-06T15:36:50,374,411,168,193
25,36,384,184,0.9245,YOLO,detection,232,drone,Mode 1,C:/Users/user/Desktop/python/project/project/assets/raw/video/video_002.mp4,2026-05-06T15:36:50,366,402,172,197
24,35,376,187,0.9173,YOLO,detection,233,drone,Mode 1,C:/Users/user/Desktop/python/project/project/assets/raw/video/video_002.mp4,2026-05-06T15:36:50,359,394,175,199
24,36,369,190,0.923,YOLO,detection,234,drone,Mode 1,C:/Users/user/Desktop/python/project/project/assets/raw/video/video_002.mp4,2026-05-06T15:36:51,351,387,178,202
23,36,363,191,0.929,YOLO,detection,235,drone,Mode 1,C:/Users/user/Desktop/python/project/project/assets/raw/video/video_002.mp4,2026-05-06T15:36:51,345,381,180,203
24,36,357,191,0.9181,YOLO,detection,236,drone,Mode 1,C:/Users/user/Desktop/python/project/project/assets/raw/video/video_002.mp4,2026-05-06T15:36:51,339,375,179,203
24,37,352,189,0.9163,YOLO,detection,237,drone,Mode 1,C:/Users/user/Desktop/python/project/project/assets/raw/video/video_002.mp4,2026-05-06T15:36:51,334,371,177,201
23,36,347,189,0.9077,YOLO,detection,238,drone,Mode 1,C:/Users/user/Desktop/python/project/project/assets/raw/video/video_002.mp4,2026-05-06T15:36:51,329,365,178,201
23,35,342,190,0.9151,YOLO,detection,239,drone,Mode 1,C:/Users/user/Desktop/python/project/project/assets/raw/video/video_002.mp4,2026-05-06T15:36:51,325,360,179,202
24,35,340,192,0.9235,YOLO,detection,240,drone,Mode 1,C:/Users/user/Desktop/python/project/project/assets/raw/video/video_002.mp4,2026-05-06T15:36:51,323,358,180,204
24,35,339,194,0.908,YOLO,detection,241,drone,Mode 1,C:/Users/user/Desktop/python/project/project/assets/raw/video/video_002.mp4,2026-05-06T15:36:51,322,357,182,206
24,33,340,195,0.9043,YOLO,detection,242,drone,Mode 1,C:/Users/user/Desktop/python/project/project/assets/raw/video/video_002.mp4,2026-05-06T15:36:51,324,357,183,207
24,34,342,194,0.9045,YOLO,detection,243,drone,Mode 1,C:/Users/user/Desktop/python/project/project/assets/raw/video/video_002.mp4,2026-05-06T15:36:51,325,359,182,206
23,35,345,192,0.918,YOLO,detection,244,drone,Mode 1,C:/Users/user/Desktop/python/project/project/assets/raw/video/video_002.mp4,2026-05-06T15:36:51,328,363,181,204
23,36,350,191,0.9229,YOLO,detection,245,drone,Mode 1,C:/Users/user/Desktop/python/project/project/assets/raw/video/video_002.mp4,2026-05-06T15:36:51,332,368,180,203
24,35,355,191,0.9198,YOLO,detection,246,drone,Mode 1,C:/Users/user/Desktop/python/project/project/assets/raw/video/video_002.mp4,2026-05-06T15:36:51,338,373,179,203
23,35,363,190,0.917,YOLO,detection,247,drone,Mode 1,C:/Users/user/Desktop/python/project/project/assets/raw/video/video_002.mp4,2026-05-06T15:36:51,346,381,179,202
23,35,372,191,0.9261,YOLO,detection,248,drone,Mode 1,C:/Users/user/Desktop/python/project/project/assets/raw/video/video_002.mp4,2026-05-06T15:36:51,355,390,180,203
23,35,382,192,0.9225,YOLO,detection,249,drone,Mode 1,C:/Users/user/Desktop/python/project/project/assets/raw/video/video_002.mp4,2026-05-06T15:36:51,365,400,181,204
23,34,391,194,0.9097,YOLO,detection,250,drone,Mode 1,C:/Users/user/Desktop/python/project/project/assets/raw/video/video_002.mp4,2026-05-06T15:36:51,374,408,183,206
23,35,400,196,0.9195,YOLO,detection,251,drone,Mode 1,C:/Users/user/Desktop/python/project/project/assets/raw/video/video_002.mp4,2026-05-06T15:36:51,383,418,185,208
24,35,409,197,0.919,YOLO,detection,252,drone,Mode 1,C:/Users/user/Desktop/python/project/project/assets/raw/video/video_002.mp4,2026-05-06T15:36:51,392,427,185,209
24,35,417,194,0.9123,YOLO,detection,253,drone,Mode 1,C:/Users/user/Desktop/python/project/project/assets/raw/video/video_002.mp4,2026-05-06T15:36:51,400,435,182,206
24,34,426,188,0.917,YOLO,detection,254,drone,Mode 1,C:/Users/user/Desktop/python/project/project/assets/raw/video/video_002.mp4,2026-05-06T15:36:51,409,443,176,200
24,36,435,181,0.9188,YOLO,detection,255,drone,Mode 1,C:/Users/user/Desktop/python/project/project/assets/raw/video/video_002.mp4,2026-05-06T15:36:51,417,453,169,193
24,36,445,176,0.9256,YOLO,detection,256,drone,Mode 1,C:/Users/user/Desktop/python/project/project/assets/raw/video/video_002.mp4,2026-05-06T15:36:52,427,463,164,188
24,35,455,177,0.919,YOLO,detection,257,drone,Mode 1,C:/Users/user/Desktop/python/project/project/assets/raw/video/video_002.mp4,2026-05-06T15:36:52,438,473,165,189
25,37,463,180,0.9193,YOLO,detection,258,drone,Mode 1,C:/Users/user/Desktop/python/project/project/assets/raw/video/video_002.mp4,2026-05-06T15:36:52,445,482,168,193
25,37,467,185,0.9154,YOLO,detection,259,drone,Mode 1,C:/Users/user/Desktop/python/project/project/assets/raw/video/video_002.mp4,2026-05-06T15:36:52,449,486,173,198
26,38,472,190,0.9283,YOLO,detection,260,drone,Mode 1,C:/Users/user/Desktop/python/project/project/assets/raw/video/video_002.mp4,2026-05-06T15:36:52,453,491,177,203
25,37,477,192,0.9212,YOLO,detection,261,drone,Mode 1,C:/Users/user/Desktop/python/project/project/assets/raw/video/video_002.mp4,2026-05-06T15:36:52,459,496,180,205
25,37,484,194,0.9133,YOLO,detection,262,drone,Mode 1,C:/Users/user/Desktop/python/project/project/assets/raw/video/video_002.mp4,2026-05-06T15:36:52,466,503,182,207
26,37,491,197,0.9171,YOLO,detection,263,drone,Mode 1,C:/Users/user/Desktop/python/project/project/assets/raw/video/video_002.mp4,2026-05-06T15:36:52,473,510,184,210
26,37,496,200,0.9318,YOLO,detection,264,drone,Mode 1,C:/Users/user/Desktop/python/project/project/assets/raw/video/video_002.mp4,2026-05-06T15:36:52,478,515,187,213
26,37,499,202,0.916,YOLO,detection,265,drone,Mode 1,C:/Users/user/Desktop/python/project/project/assets/raw/video/video_002.mp4,2026-05-06T15:36:52,481,518,189,215
25,38,505,203,0.9212,YOLO,detection,266,drone,Mode 1,C:/Users/user/Desktop/python/project/project/assets/raw/video/video_002.mp4,2026-05-06T15:36:52,486,524,191,216
26,38,510,204,0.9212,YOLO,detection,267,drone,Mode 1,C:/Users/user/Desktop/python/project/project/assets/raw/video/video_002.mp4,2026-05-06T15:36:52,491,529,191,217
26,38,514,206,0.9215,YOLO,detection,268,drone,Mode 1,C:/Users/user/Desktop/python/project/project/assets/raw/video/video_002.mp4,2026-05-06T15:36:52,495,533,193,219
27,38,516,209,0.9223,YOLO,detection,269,drone,Mode 1,C:/Users/user/Desktop/python/project/project/assets/raw/video/video_002.mp4,2026-05-06T15:36:52,497,535,196,223
25,37,515,212,0.9188,YOLO,detection,270,drone,Mode 1,C:/Users/user/Desktop/python/project/project/assets/raw/video/video_002.mp4,2026-05-06T15:36:52,497,534,200,225
25,37,513,215,0.9302,YOLO,detection,271,drone,Mode 1,C:/Users/user/Desktop/python/project/project/assets/raw/video/video_002.mp4,2026-05-06T15:36:52,495,532,203,228
25,37,511,218,0.9243,YOLO,detection,272,drone,Mode 1,C:/Users/user/Desktop/python/project/project/assets/raw/video/video_002.mp4,2026-05-06T15:36:52,493,530,206,231
25,37,510,219,0.9219,YOLO,detection,273,drone,Mode 1,C:/Users/user/Desktop/python/project/project/assets/raw/video/video_002.mp4,2026-05-06T15:36:52,492,529,207,232
26,38,510,219,0.9219,YOLO,detection,274,drone,Mode 1,C:/Users/user/Desktop/python/project/project/assets/raw/video/video_002.mp4,2026-05-06T15:36:52,491,529,206,232
25,38,509,218,0.9217,YOLO,detection,275,drone,Mode 1,C:/Users/user/Desktop/python/project/project/assets/raw/video/video_002.mp4,2026-05-06T15:36:52,490,528,206,231
26,38,508,218,0.9198,YOLO,detection,276,drone,Mode 1,C:/Users/user/Desktop/python/project/project/assets/raw/video/video_002.mp4,2026-05-06T15:36:52,489,527,205,231
26,38,507,217,0.9222,YOLO,detection,277,drone,Mode 1,C:/Users/user/Desktop/python/project/project/assets/raw/video/video_002.mp4,2026-05-06T15:36:53,488,526,204,230
25,39,504,216,0.9298,YOLO,detection,278,drone,Mode 1,C:/Users/user/Desktop/python/project/project/assets/raw/video/video_002.mp4,2026-05-06T15:36:53,485,524,204,229
26,38,502,213,0.9246,YOLO,detection,279,drone,Mode 1,C:/Users/user/Desktop/python/project/project/assets/raw/video/video_002.mp4,2026-05-06T15:36:53,483,521,200,226
25,38,499,211,0.9157,YOLO,detection,280,drone,Mode 1,C:/Users/user/Desktop/python/project/project/assets/raw/video/video_002.mp4,2026-05-06T15:36:53,480,518,199,224
25,38,496,210,0.9242,YOLO,detection,281,drone,Mode 1,C:/Users/user/Desktop/python/project/project/assets/raw/video/video_002.mp4,2026-05-06T15:36:53,477,515,198,223
25,38,497,207,0.9336,YOLO,detection,282,drone,Mode 1,C:/Users/user/Desktop/python/project/project/assets/raw/video/video_002.mp4,2026-05-06T15:36:53,478,516,195,220
26,39,497,206,0.9252,YOLO,detection,283,drone,Mode 1,C:/Users/user/Desktop/python/project/project/assets/raw/video/video_002.mp4,2026-05-06T15:36:53,478,517,193,219
25,40,498,206,0.9273,YOLO,detection,284,drone,Mode 1,C:/Users/user/Desktop/python/project/project/assets/raw/video/video_002.mp4,2026-05-06T15:36:53,478,518,194,219
25,39,501,207,0.9306,YOLO,detection,285,drone,Mode 1,C:/Users/user/Desktop/python/project/project/assets/raw/video/video_002.mp4,2026-05-06T15:36:53,482,521,195,220
26,39,505,210,0.9142,YOLO,detection,286,drone,Mode 1,C:/Users/user/Desktop/python/project/project/assets/raw/video/video_002.mp4,2026-05-06T15:36:53,486,525,197,223
26,39,507,214,0.9251,YOLO,detection,287,drone,Mode 1,C:/Users/user/Desktop/python/project/project/assets/raw/video/video_002.mp4,2026-05-06T15:36:53,488,527,201,227
25,38,509,216,0.9284,YOLO,detection,288,drone,Mode 1,C:/Users/user/Desktop/python/project/project/assets/raw/video/video_002.mp4,2026-05-06T15:36:53,490,528,204,229
25,38,512,219,0.9184,YOLO,detection,289,drone,Mode 1,C:/Users/user/Desktop/python/project/project/assets/raw/video/video_002.mp4,2026-05-06T15:36:53,493,531,207,232
26,39,513,223,0.9327,YOLO,detection,290,drone,Mode 1,C:/Users/user/Desktop/python/project/project/assets/raw/video/video_002.mp4,2026-05-06T15:36:53,494,533,210,236
26,38,514,227,0.9189,YOLO,detection,291,drone,Mode 1,C:/Users/user/Desktop/python/project/project/assets/raw/video/video_002.mp4,2026-05-06T15:36:53,495,533,214,240
26,39,512,229,0.9276,YOLO,detection,292,drone,Mode 1,C:/Users/user/Desktop/python/project/project/assets/raw/video/video_002.mp4,2026-05-06T15:36:53,493,532,216,242
32,47,524,241,0.8961,YOLO,detection,293,drone,Mode 1,C:/Users/user/Desktop/python/project/project/assets/raw/video/video_002.mp4,2026-05-06T15:36:53,501,548,225,257
28,43,543,250,0.9062,YOLO,detection,294,drone,Mode 1,C:/Users/user/Desktop/python/project/project/assets/raw/video/video_002.mp4,2026-05-06T15:36:53,522,565,236,264
28,44,556,259,0.9194,YOLO,detection,295,drone,Mode 1,C:/Users/user/Desktop/python/project/project/assets/raw/video/video_002.mp4,2026-05-06T15:36:53,534,578,245,273
28,46,558,261,0.9132,YOLO,detection,296,drone,Mode 1,C:/Users/user/Desktop/python/project/project/assets/raw/video/video_002.mp4,2026-05-06T15:36:53,535,581,247,275
27,43,545,254,0.9235,YOLO,detection,297,drone,Mode 1,C:/Users/user/Desktop/python/project/project/assets/raw/video/video_002.mp4,2026-05-06T15:36:53,524,567,241,268
28,46,530,249,0.9084,YOLO,detection,298,drone,Mode 1,C:/Users/user/Desktop/python/project/project/assets/raw/video/video_002.mp4,2026-05-06T15:36:54,507,553,235,263
28,42,529,257,0.9264,YOLO,detection,299,drone,Mode 1,C:/Users/user/Desktop/python/project/project/assets/raw/video/video_002.mp4,2026-05-06T15:36:54,508,550,243,271
29,51,531,265,0.9182,YOLO,detection,300,drone,Mode 1,C:/Users/user/Desktop/python/project/project/assets/raw/video/video_002.mp4,2026-05-06T15:36:54,506,557,251,280
25,41,532,271,0.9291,YOLO,detection,301,drone,Mode 1,C:/Users/user/Desktop/python/project/project/assets/raw/video/video_002.mp4,2026-05-06T15:36:54,512,553,259,284
26,41,529,271,0.9272,YOLO,detection,302,drone,Mode 1,C:/Users/user/Desktop/python/project/project/assets/raw/video/video_002.mp4,2026-05-06T15:36:54,509,550,258,284
25,41,522,271,0.9305,YOLO,detection,303,drone,Mode 1,C:/Users/user/Desktop/python/project/project/assets/raw/video/video_002.mp4,2026-05-06T15:36:54,502,543,259,284
26,42,516,278,0.9216,YOLO,detection,304,drone,Mode 1,C:/Users/user/Desktop/python/project/project/assets/raw/video/video_002.mp4,2026-05-06T15:36:54,495,537,265,291
26,39,510,281,0.9263,YOLO,detection,305,drone,Mode 1,C:/Users/user/Desktop/python/project/project/assets/raw/video/video_002.mp4,2026-05-06T15:36:54,491,530,268,294
26,39,511,280,0.9322,YOLO,detection,306,drone,Mode 1,C:/Users/user/Desktop/python/project/project/assets/raw/video/video_002.mp4,2026-05-06T15:36:54,492,531,267,293
27,42,507,275,0.9133,YOLO,detection,307,drone,Mode 1,C:/Users/user/Desktop/python/project/project/assets/raw/video/video_002.mp4,2026-05-06T15:36:54,486,528,262,289
31,52,493,271,0.91,YOLO,detection,308,drone,Mode 1,C:/Users/user/Desktop/python/project/project/assets/raw/video/video_002.mp4,2026-05-06T15:36:54,467,519,256,287
34,56,470,275,0.9031,YOLO,detection,309,drone,Mode 1,C:/Users/user/Desktop/python/project/project/assets/raw/video/video_002.mp4,2026-05-06T15:36:54,442,498,258,292
32,52,452,274,0.9047,YOLO,detection,310,drone,Mode 1,C:/Users/user/Desktop/python/project/project/assets/raw/video/video_002.mp4,2026-05-06T15:36:54,426,478,258,290
26,43,441,274,0.9017,YOLO,detection,311,drone,Mode 1,C:/Users/user/Desktop/python/project/project/assets/raw/video/video_002.mp4,2026-05-06T15:36:54,420,463,261,287
26,40,435,275,0.9046,YOLO,detection,312,drone,Mode 1,C:/Users/user/Desktop/python/project/project/assets/raw/video/video_002.mp4,2026-05-06T15:36:54,415,455,262,288
26,38,421,279,0.9232,YOLO,detection,313,drone,Mode 1,C:/Users/user/Desktop/python/project/project/assets/raw/video/video_002.mp4,2026-05-06T15:36:54,402,440,266,292
25,39,409,283,0.9227,YOLO,detection,314,drone,Mode 1,C:/Users/user/Desktop/python/project/project/assets/raw/video/video_002.mp4,2026-05-06T15:36:54,390,429,271,296
25,37,402,284,0.9209,YOLO,detection,315,drone,Mode 1,C:/Users/user/Desktop/python/project/project/assets/raw/video/video_002.mp4,2026-05-06T15:36:54,384,421,272,297
24,36,398,286,0.9282,YOLO,detection,316,drone,Mode 1,C:/Users/user/Desktop/python/project/project/assets/raw/video/video_002.mp4,2026-05-06T15:36:54,380,416,274,298
24,38,391,287,0.9366,YOLO,detection,317,drone,Mode 1,C:/Users/user/Desktop/python/project/project/assets/raw/video/video_002.mp4,2026-05-06T15:36:54,372,410,275,299
25,36,385,289,0.9278,YOLO,detection,318,drone,Mode 1,C:/Users/user/Desktop/python/project/project/assets/raw/video/video_002.mp4,2026-05-06T15:36:54,367,403,277,302
25,38,379,292,0.9255,YOLO,detection,319,drone,Mode 1,C:/Users/user/Desktop/python/project/project/assets/raw/video/video_002.mp4,2026-05-06T15:36:54,360,398,280,305
25,38,372,295,0.9293,YOLO,detection,320,drone,Mode 1,C:/Users/user/Desktop/python/project/project/assets/raw/video/video_002.mp4,2026-05-06T15:36:55,353,391,283,308
26,38,366,299,0.9235,YOLO,detection,321,drone,Mode 1,C:/Users/user/Desktop/python/project/project/assets/raw/video/video_002.mp4,2026-05-06T15:36:55,347,385,286,312
24,38,361,302,0.9308,YOLO,detection,322,drone,Mode 1,C:/Users/user/Desktop/python/project/project/assets/raw/video/video_002.mp4,2026-05-06T15:36:55,342,380,290,314
25,38,356,304,0.9299,YOLO,detection,323,drone,Mode 1,C:/Users/user/Desktop/python/project/project/assets/raw/video/video_002.mp4,2026-05-06T15:36:55,337,375,292,317
24,38,351,307,0.9208,YOLO,detection,324,drone,Mode 1,C:/Users/user/Desktop/python/project/project/assets/raw/video/video_002.mp4,2026-05-06T15:36:55,332,370,295,319
24,38,346,310,0.9296,YOLO,detection,325,drone,Mode 1,C:/Users/user/Desktop/python/project/project/assets/raw/video/video_002.mp4,2026-05-06T15:36:55,327,365,298,322
24,37,341,314,0.9228,YOLO,detection,326,drone,Mode 1,C:/Users/user/Desktop/python/project/project/assets/raw/video/video_002.mp4,2026-05-06T15:36:55,323,360,302,326
24,35,335,316,0.9179,YOLO,detection,327,drone,Mode 1,C:/Users/user/Desktop/python/project/project/assets/raw/video/video_002.mp4,2026-05-06T15:36:55,318,353,304,328
25,36,330,317,0.9155,YOLO,detection,328,drone,Mode 1,C:/Users/user/Desktop/python/project/project/assets/raw/video/video_002.mp4,2026-05-06T15:36:55,312,348,305,330
26,37,324,319,0.9073,YOLO,detection,329,drone,Mode 1,C:/Users/user/Desktop/python/project/project/assets/raw/video/video_002.mp4,2026-05-06T15:36:55,306,343,306,332
26,36,319,321,0.9161,YOLO,detection,330,drone,Mode 1,C:/Users/user/Desktop/python/project/project/assets/raw/video/video_002.mp4,2026-05-06T15:36:55,301,337,308,334
25,36,317,320,0.92,YOLO,detection,331,drone,Mode 1,C:/Users/user/Desktop/python/project/project/assets/raw/video/video_002.mp4,2026-05-06T15:36:55,299,335,308,333
25,37,317,320,0.9199,YOLO,detection,332,drone,Mode 1,C:/Users/user/Desktop/python/project/project/assets/raw/video/video_002.mp4,2026-05-06T15:36:55,299,336,308,333
26,37,317,322,0.9174,YOLO,detection,333,drone,Mode 1,C:/Users/user/Desktop/python/project/project/assets/raw/video/video_002.mp4,2026-05-06T15:36:55,299,336,309,335
24,37,315,323,0.9088,YOLO,detection,334,drone,Mode 1,C:/Users/user/Desktop/python/project/project/assets/raw/video/video_002.mp4,2026-05-06T15:36:55,297,334,311,335
25,35,311,317,0.9142,YOLO,detection,335,drone,Mode 1,C:/Users/user/Desktop/python/project/project/assets/raw/video/video_002.mp4,2026-05-06T15:36:55,294,329,305,330
25,35,309,310,0.9219,YOLO,detection,336,drone,Mode 1,C:/Users/user/Desktop/python/project/project/assets/raw/video/video_002.mp4,2026-05-06T15:36:55,292,327,298,323
24,35,308,311,0.9124,YOLO,detection,337,drone,Mode 1,C:/Users/user/Desktop/python/project/project/assets/raw/video/video_002.mp4,2026-05-06T15:36:55,291,326,299,323
25,36,311,316,0.9181,YOLO,detection,338,drone,Mode 1,C:/Users/user/Desktop/python/project/project/assets/raw/video/video_002.mp4,2026-05-06T15:36:55,293,329,304,329
24,36,313,322,0.9048,YOLO,detection,339,drone,Mode 1,C:/Users/user/Desktop/python/project/project/assets/raw/video/video_002.mp4,2026-05-06T15:36:55,295,331,310,334
25,36,317,321,0.9156,YOLO,detection,340,drone,Mode 1,C:/Users/user/Desktop/python/project/project/assets/raw/video/video_002.mp4,2026-05-06T15:36:55,299,335,309,334
26,37,320,318,0.911,YOLO,detection,341,drone,Mode 1,C:/Users/user/Desktop/python/project/project/assets/raw/video/video_002.mp4,2026-05-06T15:36:56,302,339,305,331
26,36,324,314,0.8942,YOLO,detection,342,drone,Mode 1,C:/Users/user/Desktop/python/project/project/assets/raw/video/video_002.mp4,2026-05-06T15:36:56,306,342,301,327
26,37,324,313,0.9063,YOLO,detection,343,drone,Mode 1,C:/Users/user/Desktop/python/project/project/assets/raw/video/video_002.mp4,2026-05-06T15:36:56,306,343,300,326
26,36,324,313,0.8975,YOLO,detection,344,drone,Mode 1,C:/Users/user/Desktop/python/project/project/assets/raw/video/video_002.mp4,2026-05-06T15:36:56,306,342,300,326
26,36,324,312,0.9068,YOLO,detection,345,drone,Mode 1,C:/Users/user/Desktop/python/project/project/assets/raw/video/video_002.mp4,2026-05-06T15:36:56,306,342,299,325
26,38,323,311,0.8812,YOLO,detection,346,drone,Mode 1,C:/Users/user/Desktop/python/project/project/assets/raw/video/video_002.mp4,2026-05-06T15:36:56,304,342,298,324
26,37,320,311,0.9061,YOLO,detection,347,drone,Mode 1,C:/Users/user/Desktop/python/project/project/assets/raw/video/video_002.mp4,2026-05-06T15:36:56,302,339,298,324
26,37,318,310,0.9052,YOLO,detection,348,drone,Mode 1,C:/Users/user/Desktop/python/project/project/assets/raw/video/video_002.mp4,2026-05-06T15:36:56,300,337,297,323
25,36,316,309,0.91,YOLO,detection,349,drone,Mode 1,C:/Users/user/Desktop/python/project/project/assets/raw/video/video_002.mp4,2026-05-06T15:36:56,298,334,297,322
25,36,314,308,0.9087,YOLO,detection,350,drone,Mode 1,C:/Users/user/Desktop/python/project/project/assets/raw/video/video_002.mp4,2026-05-06T15:36:56,296,332,296,321
25,35,311,308,0.9146,YOLO,detection,351,drone,Mode 1,C:/Users/user/Desktop/python/project/project/assets/raw/video/video_002.mp4,2026-05-06T15:36:56,294,329,296,321
24,34,309,309,0.9081,YOLO,detection,352,drone,Mode 1,C:/Users/user/Desktop/python/project/project/assets/raw/video/video_002.mp4,2026-05-06T15:36:56,292,326,297,321
24,35,306,309,0.9179,YOLO,detection,353,drone,Mode 1,C:/Users/user/Desktop/python/project/project/assets/raw/video/video_002.mp4,2026-05-06T15:36:56,289,324,297,321
24,35,304,309,0.9208,YOLO,detection,354,drone,Mode 1,C:/Users/user/Desktop/python/project/project/assets/raw/video/video_002.mp4,2026-05-06T15:36:56,287,322,297,321
24,35,302,307,0.9217,YOLO,detection,355,drone,Mode 1,C:/Users/user/Desktop/python/project/project/assets/raw/video/video_002.mp4,2026-05-06T15:36:56,285,320,295,319
24,37,300,305,0.924,YOLO,detection,356,drone,Mode 1,C:/Users/user/Desktop/python/project/project/assets/raw/video/video_002.mp4,2026-05-06T15:36:56,282,319,293,317
25,37,298,302,0.9279,YOLO,detection,357,drone,Mode 1,C:/Users/user/Desktop/python/project/project/assets/raw/video/video_002.mp4,2026-05-06T15:36:56,280,317,290,315
25,38,296,299,0.9233,YOLO,detection,358,drone,Mode 1,C:/Users/user/Desktop/python/project/project/assets/raw/video/video_002.mp4,2026-05-06T15:36:56,277,315,287,312
25,39,293,296,0.9293,YOLO,detection,359,drone,Mode 1,C:/Users/user/Desktop/python/project/project/assets/raw/video/video_002.mp4,2026-05-06T15:36:56,274,313,284,309
25,40,292,293,0.9206,YOLO,detection,360,drone,Mode 1,C:/Users/user/Desktop/python/project/project/assets/raw/video/video_002.mp4,2026-05-06T15:36:56,272,312,281,306
24,38,289,289,0.9273,YOLO,detection,361,drone,Mode 1,C:/Users/user/Desktop/python/project/project/assets/raw/video/video_002.mp4,2026-05-06T15:36:56,270,308,277,301
24,37,287,284,0.9221,YOLO,detection,362,drone,Mode 1,C:/Users/user/Desktop/python/project/project/assets/raw/video/video_002.mp4,2026-05-06T15:36:57,269,306,272,296
25,39,285,279,0.937,YOLO,detection,363,drone,Mode 1,C:/Users/user/Desktop/python/project/project/assets/raw/video/video_002.mp4,2026-05-06T15:36:57,266,305,267,292
25,39,285,277,0.9202,YOLO,detection,364,drone,Mode 1,C:/Users/user/Desktop/python/project/project/assets/raw/video/video_002.mp4,2026-05-06T15:36:57,266,305,265,290
25,38,285,275,0.9195,YOLO,detection,365,drone,Mode 1,C:/Users/user/Desktop/python/project/project/assets/raw/video/video_002.mp4,2026-05-06T15:36:57,266,304,263,288
24,38,285,276,0.9204,YOLO,detection,366,drone,Mode 1,C:/Users/user/Desktop/python/project/project/assets/raw/video/video_002.mp4,2026-05-06T15:36:57,266,304,264,288
25,38,285,278,0.9242,YOLO,detection,367,drone,Mode 1,C:/Users/user/Desktop/python/project/project/assets/raw/video/video_002.mp4,2026-05-06T15:36:57,266,304,266,291
25,38,286,280,0.9323,YOLO,detection,368,drone,Mode 1,C:/Users/user/Desktop/python/project/project/assets/raw/video/video_002.mp4,2026-05-06T15:36:57,267,305,268,293
25,37,287,282,0.9246,YOLO,detection,369,drone,Mode 1,C:/Users/user/Desktop/python/project/project/assets/raw/video/video_002.mp4,2026-05-06T15:36:57,269,306,270,295
25,38,290,285,0.9285,YOLO,detection,370,drone,Mode 1,C:/Users/user/Desktop/python/project/project/assets/raw/video/video_002.mp4,2026-05-06T15:36:57,271,309,273,298
26,38,292,289,0.9297,YOLO,detection,371,drone,Mode 1,C:/Users/user/Desktop/python/project/project/assets/raw/video/video_002.mp4,2026-05-06T15:36:57,273,311,276,302
26,37,293,290,0.9263,YOLO,detection,372,drone,Mode 1,C:/Users/user/Desktop/python/project/project/assets/raw/video/video_002.mp4,2026-05-06T15:36:57,275,312,277,303
24,37,295,291,0.9223,YOLO,detection,373,drone,Mode 1,C:/Users/user/Desktop/python/project/project/assets/raw/video/video_002.mp4,2026-05-06T15:36:57,277,314,279,303
25,38,296,290,0.9213,YOLO,detection,374,drone,Mode 1,C:/Users/user/Desktop/python/project/project/assets/raw/video/video_002.mp4,2026-05-06T15:36:57,277,315,278,303
24,38,298,288,0.9335,YOLO,detection,375,drone,Mode 1,C:/Users/user/Desktop/python/project/project/assets/raw/video/video_002.mp4,2026-05-06T15:36:57,279,317,276,300
24,37,301,288,0.9334,YOLO,detection,376,drone,Mode 1,C:/Users/user/Desktop/python/project/project/assets/raw/video/video_002.mp4,2026-05-06T15:36:57,283,320,276,300
24,35,303,290,0.9233,YOLO,detection,377,drone,Mode 1,C:/Users/user/Desktop/python/project/project/assets/raw/video/video_002.mp4,2026-05-06T15:36:57,286,321,278,302
24,35,304,292,0.9187,YOLO,detection,378,drone,Mode 1,C:/Users/user/Desktop/python/project/project/assets/raw/video/video_002.mp4,2026-05-06T15:36:57,287,322,280,304
25,38,307,293,0.9153,YOLO,detection,379,drone,Mode 1,C:/Users/user/Desktop/python/project/project/assets/raw/video/video_002.mp4,2026-05-06T15:36:57,288,326,281,306
24,36,309,295,0.9252,YOLO,detection,380,drone,Mode 1,C:/Users/user/Desktop/python/project/project/assets/raw/video/video_002.mp4,2026-05-06T15:36:57,291,327,283,307
25,37,310,294,0.9235,YOLO,detection,381,drone,Mode 1,C:/Users/user/Desktop/python/project/project/assets/raw/video/video_002.mp4,2026-05-06T15:36:57,292,329,282,307
25,37,312,294,0.9214,YOLO,detection,382,drone,Mode 1,C:/Users/user/Desktop/python/project/project/assets/raw/video/video_002.mp4,2026-05-06T15:36:57,294,331,282,307
24,37,314,295,0.9195,YOLO,detection,383,drone,Mode 1,C:/Users/user/Desktop/python/project/project/assets/raw/video/video_002.mp4,2026-05-06T15:36:57,296,333,283,307
24,37,314,295,0.918,YOLO,detection,384,drone,Mode 1,C:/Users/user/Desktop/python/project/project/assets/raw/video/video_002.mp4,2026-05-06T15:36:58,296,333,283,307
25,36,313,294,0.9147,YOLO,detection,385,drone,Mode 1,C:/Users/user/Desktop/python/project/project/assets/raw/video/video_002.mp4,2026-05-06T15:36:58,295,331,282,307
25,36,313,293,0.9173,YOLO,detection,386,drone,Mode 1,C:/Users/user/Desktop/python/project/project/assets/raw/video/video_002.mp4,2026-05-06T15:36:58,295,331,281,306
24,36,314,294,0.9082,YOLO,detection,387,drone,Mode 1,C:/Users/user/Desktop/python/project/project/assets/raw/video/video_002.mp4,2026-05-06T15:36:58,296,332,282,306
24,37,316,295,0.914,YOLO,detection,388,drone,Mode 1,C:/Users/user/Desktop/python/project/project/assets/raw/video/video_002.mp4,2026-05-06T15:36:58,298,335,283,307
25,37,317,296,0.9169,YOLO,detection,389,drone,Mode 1,C:/Users/user/Desktop/python/project/project/assets/raw/video/video_002.mp4,2026-05-06T15:36:58,299,336,284,309
26,37,317,298,0.9158,YOLO,detection,390,drone,Mode 1,C:/Users/user/Desktop/python/project/project/assets/raw/video/video_002.mp4,2026-05-06T15:36:58,299,336,285,311
26,37,317,299,0.9153,YOLO,detection,391,drone,Mode 1,C:/Users/user/Desktop/python/project/project/assets/raw/video/video_002.mp4,2026-05-06T15:36:58,299,336,286,312
26,36,317,299,0.9139,YOLO,detection,392,drone,Mode 1,C:/Users/user/Desktop/python/project/project/assets/raw/video/video_002.mp4,2026-05-06T15:36:58,299,335,286,312
25,37,316,299,0.9123,YOLO,detection,393,drone,Mode 1,C:/Users/user/Desktop/python/project/project/assets/raw/video/video_002.mp4,2026-05-06T15:36:58,298,335,287,312
26,36,318,301,0.907,YOLO,detection,394,drone,Mode 1,C:/Users/user/Desktop/python/project/project/assets/raw/video/video_002.mp4,2026-05-06T15:36:58,300,336,288,314
26,37,318,303,0.9194,YOLO,detection,395,drone,Mode 1,C:/Users/user/Desktop/python/project/project/assets/raw/video/video_002.mp4,2026-05-06T15:36:58,300,337,290,316
25,37,318,303,0.923,YOLO,detection,396,drone,Mode 1,C:/Users/user/Desktop/python/project/project/assets/raw/video/video_002.mp4,2026-05-06T15:36:58,300,337,291,316
26,37,318,303,0.9251,YOLO,detection,397,drone,Mode 1,C:/Users/user/Desktop/python/project/project/assets/raw/video/video_002.mp4,2026-05-06T15:36:58,300,337,290,316
26,37,318,304,0.9249,YOLO,detection,398,drone,Mode 1,C:/Users/user/Desktop/python/project/project/assets/raw/video/video_002.mp4,2026-05-06T15:36:58,300,337,291,317
26,36,319,305,0.9209,YOLO,detection,399,drone,Mode 1,C:/Users/user/Desktop/python/project/project/assets/raw/video/video_002.mp4,2026-05-06T15:36:58,301,337,292,318
27,36,319,305,0.9176,YOLO,detection,400,drone,Mode 1,C:/Users/user/Desktop/python/project/project/assets/raw/video/video_002.mp4,2026-05-06T15:36:58,301,337,292,319
27,37,319,306,0.9194,YOLO,detection,401,drone,Mode 1,C:/Users/user/Desktop/python/project/project/assets/raw/video/video_002.mp4,2026-05-06T15:36:58,301,338,293,320
27,36,320,307,0.9133,YOLO,detection,402,drone,Mode 1,C:/Users/user/Desktop/python/project/project/assets/raw/video/video_002.mp4,2026-05-06T15:36:58,302,338,294,321
27,37,321,307,0.9091,YOLO,detection,403,drone,Mode 1,C:/Users/user/Desktop/python/project/project/assets/raw/video/video_002.mp4,2026-05-06T15:36:58,303,340,294,321
26,37,322,307,0.902,YOLO,detection,404,drone,Mode 1,C:/Users/user/Desktop/python/project/project/assets/raw/video/video_002.mp4,2026-05-06T15:36:58,304,341,294,320
26,36,324,308,0.9061,YOLO,detection,405,drone,Mode 1,C:/Users/user/Desktop/python/project/project/assets/raw/video/video_002.mp4,2026-05-06T15:36:59,306,342,295,321
27,37,325,308,0.903,YOLO,detection,406,drone,Mode 1,C:/Users/user/Desktop/python/project/project/assets/raw/video/video_002.mp4,2026-05-06T15:36:59,307,344,295,322
27,38,327,308,0.915,YOLO,detection,407,drone,Mode 1,C:/Users/user/Desktop/python/project/project/assets/raw/video/video_002.mp4,2026-05-06T15:36:59,308,346,295,322
27,38,328,308,0.92,YOLO,detection,408,drone,Mode 1,C:/Users/user/Desktop/python/project/project/assets/raw/video/video_002.mp4,2026-05-06T15:36:59,309,347,295,322
25,36,329,308,0.9174,YOLO,detection,409,drone,Mode 1,C:/Users/user/Desktop/python/project/project/assets/raw/video/video_002.mp4,2026-05-06T15:36:59,311,347,296,321
25,36,331,308,0.9131,YOLO,detection,410,drone,Mode 1,C:/Users/user/Desktop/python/project/project/assets/raw/video/video_002.mp4,2026-05-06T15:36:59,313,349,296,321
25,35,332,307,0.9119,YOLO,detection,411,drone,Mode 1,C:/Users/user/Desktop/python/project/project/assets/raw/video/video_002.mp4,2026-05-06T15:36:59,315,350,295,320
25,35,333,307,0.9138,YOLO,detection,412,drone,Mode 1,C:/Users/user/Desktop/python/project/project/assets/raw/video/video_002.mp4,2026-05-06T15:36:59,316,351,295,320
25,36,333,307,0.9159,YOLO,detection,413,drone,Mode 1,C:/Users/user/Desktop/python/project/project/assets/raw/video/video_002.mp4,2026-05-06T15:36:59,315,351,295,320
25,36,331,308,0.9136,YOLO,detection,414,drone,Mode 1,C:/Users/user/Desktop/python/project/project/assets/raw/video/video_002.mp4,2026-05-06T15:36:59,313,349,296,321
25,37,330,308,0.9132,YOLO,detection,415,drone,Mode 1,C:/Users/user/Desktop/python/project/project/assets/raw/video/video_002.mp4,2026-05-06T15:36:59,312,349,296,321
25,36,330,307,0.9134,YOLO,detection,416,drone,Mode 1,C:/Users/user/Desktop/python/project/project/assets/raw/video/video_002.mp4,2026-05-06T15:36:59,312,348,295,320
26,37,329,307,0.9145,YOLO,detection,417,drone,Mode 1,C:/Users/user/Desktop/python/project/project/assets/raw/video/video_002.mp4,2026-05-06T15:36:59,311,348,294,320
26,36,329,307,0.9101,YOLO,detection,418,drone,Mode 1,C:/Users/user/Desktop/python/project/project/assets/raw/video/video_002.mp4,2026-05-06T15:36:59,311,347,294,320
27,37,328,307,0.9078,YOLO,detection,419,drone,Mode 1,C:/Users/user/Desktop/python/project/project/assets/raw/video/video_002.mp4,2026-05-06T15:36:59,310,347,294,321
26,36,328,307,0.9088,YOLO,detection,420,drone,Mode 1,C:/Users/user/Desktop/python/project/project/assets/raw/video/video_002.mp4,2026-05-06T15:36:59,310,346,294,320
25,37,326,306,0.9151,YOLO,detection,421,drone,Mode 1,C:/Users/user/Desktop/python/project/project/assets/raw/video/video_002.mp4,2026-05-06T15:36:59,308,345,294,319
25,37,325,306,0.9105,YOLO,detection,422,drone,Mode 1,C:/Users/user/Desktop/python/project/project/assets/raw/video/video_002.mp4,2026-05-06T15:36:59,307,344,294,319
26,37,325,307,0.9111,YOLO,detection,423,drone,Mode 1,C:/Users/user/Desktop/python/project/project/assets/raw/video/video_002.mp4,2026-05-06T15:36:59,307,344,294,320
27,39,325,307,0.9064,YOLO,detection,424,drone,Mode 1,C:/Users/user/Desktop/python/project/project/assets/raw/video/video_002.mp4,2026-05-06T15:36:59,306,345,294,321
25,38,325,306,0.908,YOLO,detection,425,drone,Mode 1,C:/Users/user/Desktop/python/project/project/assets/raw/video/video_002.mp4,2026-05-06T15:36:59,306,344,294,319
26,38,326,307,0.9154,YOLO,detection,426,drone,Mode 1,C:/Users/user/Desktop/python/project/project/assets/raw/video/video_002.mp4,2026-05-06T15:37:00,307,345,294,320
26,38,326,307,0.9153,YOLO,detection,427,drone,Mode 1,C:/Users/user/Desktop/python/project/project/assets/raw/video/video_002.mp4,2026-05-06T15:37:00,307,345,294,320
25,37,328,308,0.9157,YOLO,detection,428,drone,Mode 1,C:/Users/user/Desktop/python/project/project/assets/raw/video/video_002.mp4,2026-05-06T15:37:00,310,347,296,321
25,37,331,310,0.916,YOLO,detection,429,drone,Mode 1,C:/Users/user/Desktop/python/project/project/assets/raw/video/video_002.mp4,2026-05-06T15:37:00,313,350,298,323
24,38,334,312,0.9308,YOLO,detection,430,drone,Mode 1,C:/Users/user/Desktop/python/project/project/assets/raw/video/video_002.mp4,2026-05-06T15:37:00,315,353,300,324
25,36,336,313,0.9181,YOLO,detection,431,drone,Mode 1,C:/Users/user/Desktop/python/project/project/assets/raw/video/video_002.mp4,2026-05-06T15:37:00,318,354,301,326
25,37,337,315,0.9224,YOLO,detection,432,drone,Mode 1,C:/Users/user/Desktop/python/project/project/assets/raw/video/video_002.mp4,2026-05-06T15:37:00,319,356,303,328
25,36,337,314,0.9208,YOLO,detection,433,drone,Mode 1,C:/Users/user/Desktop/python/project/project/assets/raw/video/video_002.mp4,2026-05-06T15:37:00,319,355,302,327
26,36,336,310,0.9262,YOLO,detection,434,drone,Mode 1,C:/Users/user/Desktop/python/project/project/assets/raw/video/video_002.mp4,2026-05-06T15:37:00,318,354,297,323
25,36,337,305,0.9212,YOLO,detection,435,drone,Mode 1,C:/Users/user/Desktop/python/project/project/assets/raw/video/video_002.mp4,2026-05-06T15:37:00,319,355,293,318
25,37,337,304,0.9255,YOLO,detection,436,drone,Mode 1,C:/Users/user/Desktop/python/project/project/assets/raw/video/video_002.mp4,2026-05-06T15:37:00,319,356,292,317
25,37,338,305,0.9186,YOLO,detection,437,drone,Mode 1,C:/Users/user/Desktop/python/project/project/assets/raw/video/video_002.mp4,2026-05-06T15:37:00,320,357,293,318
25,36,338,304,0.9247,YOLO,detection,438,drone,Mode 1,C:/Users/user/Desktop/python/project/project/assets/raw/video/video_002.mp4,2026-05-06T15:37:00,320,356,292,317
25,38,337,301,0.9262,YOLO,detection,439,drone,Mode 1,C:/Users/user/Desktop/python/project/project/assets/raw/video/video_002.mp4,2026-05-06T15:37:00,318,356,289,314
25,37,336,298,0.9203,YOLO,detection,440,drone,Mode 1,C:/Users/user/Desktop/python/project/project/assets/raw/video/video_002.mp4,2026-05-06T15:37:00,318,355,286,311
26,37,335,297,0.9192,YOLO,detection,441,drone,Mode 1,C:/Users/user/Desktop/python/project/project/assets/raw/video/video_002.mp4,2026-05-06T15:37:00,317,354,284,310
25,36,334,297,0.9169,YOLO,detection,442,drone,Mode 1,C:/Users/user/Desktop/python/project/project/assets/raw/video/video_002.mp4,2026-05-06T15:37:00,316,352,285,310
25,37,333,297,0.9139,YOLO,detection,443,drone,Mode 1,C:/Users/user/Desktop/python/project/project/assets/raw/video/video_002.mp4,2026-05-06T15:37:00,315,352,285,310
25,37,332,297,0.9174,YOLO,detection,444,drone,Mode 1,C:/Users/user/Desktop/python/project/project/assets/raw/video/video_002.mp4,2026-05-06T15:37:00,314,351,285,310
25,35,332,299,0.9101,YOLO,detection,445,drone,Mode 1,C:/Users/user/Desktop/python/project/project/assets/raw/video/video_002.mp4,2026-05-06T15:37:00,315,350,287,312
25,36,330,300,0.9136,YOLO,detection,446,drone,Mode 1,C:/Users/user/Desktop/python/project/project/assets/raw/video/video_002.mp4,2026-05-06T15:37:00,312,348,288,313
27,38,329,301,0.9173,YOLO,detection,447,drone,Mode 1,C:/Users/user/Desktop/python/project/project/assets/raw/video/video_002.mp4,2026-05-06T15:37:00,310,348,288,315
26,38,329,301,0.9192,YOLO,detection,448,drone,Mode 1,C:/Users/user/Desktop/python/project/project/assets/raw/video/video_002.mp4,2026-05-06T15:37:01,310,348,288,314
26,38,329,302,0.9188,YOLO,detection,449,drone,Mode 1,C:/Users/user/Desktop/python/project/project/assets/raw/video/video_002.mp4,2026-05-06T15:37:01,310,348,289,315
25,37,328,304,0.9214,YOLO,detection,450,drone,Mode 1,C:/Users/user/Desktop/python/project/project/assets/raw/video/video_002.mp4,2026-05-06T15:37:01,310,347,292,317
26,36,328,307,0.9123,YOLO,detection,451,drone,Mode 1,C:/Users/user/Desktop/python/project/project/assets/raw/video/video_002.mp4,2026-05-06T15:37:01,310,346,294,320
26,37,328,309,0.9178,YOLO,detection,452,drone,Mode 1,C:/Users/user/Desktop/python/project/project/assets/raw/video/video_002.mp4,2026-05-06T15:37:01,310,347,296,322
26,37,329,310,0.9232,YOLO,detection,453,drone,Mode 1,C:/Users/user/Desktop/python/project/project/assets/raw/video/video_002.mp4,2026-05-06T15:37:01,311,348,297,323
25,37,332,309,0.9165,YOLO,detection,454,drone,Mode 1,C:/Users/user/Desktop/python/project/project/assets/raw/video/video_002.mp4,2026-05-06T15:37:01,314,351,297,322
24,35,334,307,0.9185,YOLO,detection,455,drone,Mode 1,C:/Users/user/Desktop/python/project/project/assets/raw/video/video_002.mp4,2026-05-06T15:37:01,317,352,295,319
25,37,336,303,0.9339,YOLO,detection,456,drone,Mode 1,C:/Users/user/Desktop/python/project/project/assets/raw/video/video_002.mp4,2026-05-06T15:37:01,318,355,291,316
26,37,336,301,0.9251,YOLO,detection,457,drone,Mode 1,C:/Users/user/Desktop/python/project/project/assets/raw/video/video_002.mp4,2026-05-06T15:37:01,318,355,288,314
25,37,334,300,0.9208,YOLO,detection,458,drone,Mode 1,C:/Users/user/Desktop/python/project/project/assets/raw/video/video_002.mp4,2026-05-06T15:37:01,316,353,288,313
26,36,334,300,0.9178,YOLO,detection,459,drone,Mode 1,C:/Users/user/Desktop/python/project/project/assets/raw/video/video_002.mp4,2026-05-06T15:37:01,316,352,287,313
26,37,333,298,0.9155,YOLO,detection,460,drone,Mode 1,C:/Users/user/Desktop/python/project/project/assets/raw/video/video_002.mp4,2026-05-06T15:37:01,315,352,285,311
26,36,334,297,0.9165,YOLO,detection,461,drone,Mode 1,C:/Users/user/Desktop/python/project/project/assets/raw/video/video_002.mp4,2026-05-06T15:37:01,316,352,284,310
25,37,333,296,0.9168,YOLO,detection,462,drone,Mode 1,C:/Users/user/Desktop/python/project/project/assets/raw/video/video_002.mp4,2026-05-06T15:37:01,315,352,284,309
25,37,332,297,0.9164,YOLO,detection,463,drone,Mode 1,C:/Users/user/Desktop/python/project/project/assets/raw/video/video_002.mp4,2026-05-06T15:37:01,314,351,285,310
26,37,331,299,0.9124,YOLO,detection,464,drone,Mode 1,C:/Users/user/Desktop/python/project/project/assets/raw/video/video_002.mp4,2026-05-06T15:37:01,313,350,286,312
27,38,328,300,0.9169,YOLO,detection,465,drone,Mode 1,C:/Users/user/Desktop/python/project/project/assets/raw/video/video_002.mp4,2026-05-06T15:37:01,309,347,287,314
27,39,327,301,0.9158,YOLO,detection,466,drone,Mode 1,C:/Users/user/Desktop/python/project/project/assets/raw/video/video_002.mp4,2026-05-06T15:37:01,308,347,288,315
26,39,326,303,0.9194,YOLO,detection,467,drone,Mode 1,C:/Users/user/Desktop/python/project/project/assets/raw/video/video_002.mp4,2026-05-06T15:37:01,307,346,290,316
25,38,328,303,0.9244,YOLO,detection,468,drone,Mode 1,C:/Users/user/Desktop/python/project/project/assets/raw/video/video_002.mp4,2026-05-06T15:37:01,309,347,291,316
25,36,329,304,0.9168,YOLO,detection,469,drone,Mode 1,C:/Users/user/Desktop/python/project/project/assets/raw/video/video_002.mp4,2026-05-06T15:37:02,311,347,292,317
26,37,328,305,0.9151,YOLO,detection,470,drone,Mode 1,C:/Users/user/Desktop/python/project/project/assets/raw/video/video_002.mp4,2026-05-06T15:37:02,310,347,292,318
26,38,328,305,0.9133,YOLO,detection,471,drone,Mode 1,C:/Users/user/Desktop/python/project/project/assets/raw/video/video_002.mp4,2026-05-06T15:37:02,309,347,292,318
26,37,328,306,0.9144,YOLO,detection,472,drone,Mode 1,C:/Users/user/Desktop/python/project/project/assets/raw/video/video_002.mp4,2026-05-06T15:37:02,310,347,293,319
26,38,328,306,0.9116,YOLO,detection,473,drone,Mode 1,C:/Users/user/Desktop/python/project/project/assets/raw/video/video_002.mp4,2026-05-06T15:37:02,309,347,293,319
26,39,327,305,0.9125,YOLO,detection,474,drone,Mode 1,C:/Users/user/Desktop/python/project/project/assets/raw/video/video_002.mp4,2026-05-06T15:37:02,308,347,292,318
25,38,328,302,0.919,YOLO,detection,475,drone,Mode 1,C:/Users/user/Desktop/python/project/project/assets/raw/video/video_002.mp4,2026-05-06T15:37:02,309,347,290,315
27,38,330,300,0.9143,YOLO,detection,476,drone,Mode 1,C:/Users/user/Desktop/python/project/project/assets/raw/video/video_002.mp4,2026-05-06T15:37:02,311,349,287,314
25,37,331,300,0.9067,YOLO,detection,477,drone,Mode 1,C:/Users/user/Desktop/python/project/project/assets/raw/video/video_002.mp4,2026-05-06T15:37:02,313,350,288,313
25,36,333,299,0.9104,YOLO,detection,478,drone,Mode 1,C:/Users/user/Desktop/python/project/project/assets/raw/video/video_002.mp4,2026-05-06T15:37:02,315,351,287,312
26,37,333,301,0.9168,YOLO,detection,479,drone,Mode 1,C:/Users/user/Desktop/python/project/project/assets/raw/video/video_002.mp4,2026-05-06T15:37:02,315,352,288,314
24,38,332,303,0.9258,YOLO,detection,480,drone,Mode 1,C:/Users/user/Desktop/python/project/project/assets/raw/video/video_002.mp4,2026-05-06T15:37:02,313,351,291,315
24,36,332,304,0.9232,YOLO,detection,481,drone,Mode 1,C:/Users/user/Desktop/python/project/project/assets/raw/video/video_002.mp4,2026-05-06T15:37:02,314,350,292,316
24,37,332,303,0.9259,YOLO,detection,482,drone,Mode 1,C:/Users/user/Desktop/python/project/project/assets/raw/video/video_002.mp4,2026-05-06T15:37:02,314,351,291,315
25,37,331,300,0.9125,YOLO,detection,483,drone,Mode 1,C:/Users/user/Desktop/python/project/project/assets/raw/video/video_002.mp4,2026-05-06T15:37:02,313,350,288,313
26,37,329,298,0.9092,YOLO,detection,484,drone,Mode 1,C:/Users/user/Desktop/python/project/project/assets/raw/video/video_002.mp4,2026-05-06T15:37:02,311,348,285,311
27,38,329,296,0.9142,YOLO,detection,485,drone,Mode 1,C:/Users/user/Desktop/python/project/project/assets/raw/video/video_002.mp4,2026-05-06T15:37:02,310,348,283,310
27,39,327,294,0.9109,YOLO,detection,486,drone,Mode 1,C:/Users/user/Desktop/python/project/project/assets/raw/video/video_002.mp4,2026-05-06T15:37:02,308,347,281,308
27,40,326,293,0.9073,YOLO,detection,487,drone,Mode 1,C:/Users/user/Desktop/python/project/project/assets/raw/video/video_002.mp4,2026-05-06T15:37:02,306,346,280,307
27,41,324,293,0.9067,YOLO,detection,488,drone,Mode 1,C:/Users/user/Desktop/python/project/project/assets/raw/video/video_002.mp4,2026-05-06T15:37:02,304,345,280,307
26,40,323,294,0.9031,YOLO,detection,489,drone,Mode 1,C:/Users/user/Desktop/python/project/project/assets/raw/video/video_002.mp4,2026-05-06T15:37:02,303,343,281,307
26,39,323,295,0.8951,YOLO,detection,490,drone,Mode 1,C:/Users/user/Desktop/python/project/project/assets/raw/video/video_002.mp4,2026-05-06T15:37:03,304,343,282,308
27,39,324,296,0.8712,YOLO,detection,491,drone,Mode 1,C:/Users/user/Desktop/python/project/project/assets/raw/video/video_002.mp4,2026-05-06T15:37:03,305,344,283,310
26,37,327,300,0.91,YOLO,detection,492,drone,Mode 1,C:/Users/user/Desktop/python/project/project/assets/raw/video/video_002.mp4,2026-05-06T15:37:03,309,346,287,313
26,38,329,302,0.9213,YOLO,detection,493,drone,Mode 1,C:/Users/user/Desktop/python/project/project/assets/raw/video/video_002.mp4,2026-05-06T15:37:03,310,348,289,315
25,37,331,304,0.9183,YOLO,detection,494,drone,Mode 1,C:/Users/user/Desktop/python/project/project/assets/raw/video/video_002.mp4,2026-05-06T15:37:03,313,350,292,317
24,36,333,305,0.9162,YOLO,detection,495,drone,Mode 1,C:/Users/user/Desktop/python/project/project/assets/raw/video/video_002.mp4,2026-05-06T15:37:03,315,351,293,317
25,35,335,307,0.9177,YOLO,detection,496,drone,Mode 1,C:/Users/user/Desktop/python/project/project/assets/raw/video/video_002.mp4,2026-05-06T15:37:03,318,353,295,320
26,36,338,309,0.9223,YOLO,detection,497,drone,Mode 1,C:/Users/user/Desktop/python/project/project/assets/raw/video/video_002.mp4,2026-05-06T15:37:03,320,356,296,322
25,36,340,310,0.9231,YOLO,detection,498,drone,Mode 1,C:/Users/user/Desktop/python/project/project/assets/raw/video/video_002.mp4,2026-05-06T15:37:03,322,358,298,323
25,37,341,308,0.9178,YOLO,detection,499,drone,Mode 1,C:/Users/user/Desktop/python/project/project/assets/raw/video/video_002.mp4,2026-05-06T15:37:03,323,360,296,321
25,37,341,306,0.9204,YOLO,detection,500,drone,Mode 1,C:/Users/user/Desktop/python/project/project/assets/raw/video/video_002.mp4,2026-05-06T15:37:03,323,360,294,319
25,37,341,302,0.9263,YOLO,detection,501,drone,Mode 1,C:/Users/user/Desktop/python/project/project/assets/raw/video/video_002.mp4,2026-05-06T15:37:03,323,360,290,315
25,37,341,296,0.9285,YOLO,detection,502,drone,Mode 1,C:/Users/user/Desktop/python/project/project/assets/raw/video/video_002.mp4,2026-05-06T15:37:03,323,360,284,309
24,38,341,289,0.9197,YOLO,detection,503,drone,Mode 1,C:/Users/user/Desktop/python/project/project/assets/raw/video/video_002.mp4,2026-05-06T15:37:03,322,360,277,301
25,36,341,279,0.93,YOLO,detection,504,drone,Mode 1,C:/Users/user/Desktop/python/project/project/assets/raw/video/video_002.mp4,2026-05-06T15:37:03,323,359,267,292
25,37,342,267,0.9189,YOLO,detection,505,drone,Mode 1,C:/Users/user/Desktop/python/project/project/assets/raw/video/video_002.mp4,2026-05-06T15:37:03,324,361,255,280
26,36,342,258,0.9209,YOLO,detection,506,drone,Mode 1,C:/Users/user/Desktop/python/project/project/assets/raw/video/video_002.mp4,2026-05-06T15:37:03,324,360,245,271
25,38,341,249,0.9176,YOLO,detection,507,drone,Mode 1,C:/Users/user/Desktop/python/project/project/assets/raw/video/video_002.mp4,2026-05-06T15:37:03,322,360,237,262
25,38,342,245,0.9082,YOLO,detection,508,drone,Mode 1,C:/Users/user/Desktop/python/project/project/assets/raw/video/video_002.mp4,2026-05-06T15:37:03,323,361,233,258
26,37,340,242,0.916,YOLO,detection,509,drone,Mode 1,C:/Users/user/Desktop/python/project/project/assets/raw/video/video_002.mp4,2026-05-06T15:37:03,322,359,229,255
24,35,340,240,0.9187,YOLO,detection,510,drone,Mode 1,C:/Users/user/Desktop/python/project/project/assets/raw/video/video_002.mp4,2026-05-06T15:37:03,323,358,228,252
24,34,340,238,0.9099,YOLO,detection,511,drone,Mode 1,C:/Users/user/Desktop/python/project/project/assets/raw/video/video_002.mp4,2026-05-06T15:37:03,323,357,226,250
25,34,339,237,0.8993,YOLO,detection,512,drone,Mode 1,C:/Users/user/Desktop/python/project/project/assets/raw/video/video_002.mp4,2026-05-06T15:37:04,322,356,225,250
26,34,337,237,0.9055,YOLO,detection,513,drone,Mode 1,C:/Users/user/Desktop/python/project/project/assets/raw/video/video_002.mp4,2026-05-06T15:37:04,320,354,224,250
26,34,336,237,0.9035,YOLO,detection,514,drone,Mode 1,C:/Users/user/Desktop/python/project/project/assets/raw/video/video_002.mp4,2026-05-06T15:37:04,319,353,224,250
25,33,334,238,0.9046,YOLO,detection,515,drone,Mode 1,C:/Users/user/Desktop/python/project/project/assets/raw/video/video_002.mp4,2026-05-06T15:37:04,318,351,226,251
24,32,334,241,0.9035,YOLO,detection,516,drone,Mode 1,C:/Users/user/Desktop/python/project/project/assets/raw/video/video_002.mp4,2026-05-06T15:37:04,318,350,229,253
24,34,333,242,0.9037,YOLO,detection,517,drone,Mode 1,C:/Users/user/Desktop/python/project/project/assets/raw/video/video_002.mp4,2026-05-06T15:37:04,316,350,230,254
24,35,334,243,0.8993,YOLO,detection,518,drone,Mode 1,C:/Users/user/Desktop/python/project/project/assets/raw/video/video_002.mp4,2026-05-06T15:37:04,317,352,231,255
25,34,334,244,0.9063,YOLO,detection,519,drone,Mode 1,C:/Users/user/Desktop/python/project/project/assets/raw/video/video_002.mp4,2026-05-06T15:37:04,317,351,232,257
25,37,332,247,0.9238,YOLO,detection,520,drone,Mode 1,C:/Users/user/Desktop/python/project/project/assets/raw/video/video_002.mp4,2026-05-06T15:37:04,314,351,235,260
26,38,333,252,0.9127,YOLO,detection,521,drone,Mode 1,C:/Users/user/Desktop/python/project/project/assets/raw/video/video_002.mp4,2026-05-06T15:37:04,314,352,239,265
25,36,333,257,0.9128,YOLO,detection,522,drone,Mode 1,C:/Users/user/Desktop/python/project/project/assets/raw/video/video_002.mp4,2026-05-06T15:37:04,315,351,245,270
26,36,334,262,0.9184,YOLO,detection,523,drone,Mode 1,C:/Users/user/Desktop/python/project/project/assets/raw/video/video_002.mp4,2026-05-06T15:37:04,316,352,249,275
25,36,334,268,0.9161,YOLO,detection,524,drone,Mode 1,C:/Users/user/Desktop/python/project/project/assets/raw/video/video_002.mp4,2026-05-06T15:37:04,316,352,256,281
25,37,333,275,0.9132,YOLO,detection,525,drone,Mode 1,C:/Users/user/Desktop/python/project/project/assets/raw/video/video_002.mp4,2026-05-06T15:37:04,315,352,263,288
25,37,334,283,0.9152,YOLO,detection,526,drone,Mode 1,C:/Users/user/Desktop/python/project/project/assets/raw/video/video_002.mp4,2026-05-06T15:37:04,316,353,271,296
25,36,335,290,0.9181,YOLO,detection,527,drone,Mode 1,C:/Users/user/Desktop/python/project/project/assets/raw/video/video_002.mp4,2026-05-06T15:37:04,317,353,278,303
25,37,336,296,0.9199,YOLO,detection,528,drone,Mode 1,C:/Users/user/Desktop/python/project/project/assets/raw/video/video_002.mp4,2026-05-06T15:37:04,318,355,284,309
25,37,337,303,0.9322,YOLO,detection,529,drone,Mode 1,C:/Users/user/Desktop/python/project/project/assets/raw/video/video_002.mp4,2026-05-06T15:37:04,319,356,291,316
25,37,336,307,0.9212,YOLO,detection,530,drone,Mode 1,C:/Users/user/Desktop/python/project/project/assets/raw/video/video_002.mp4,2026-05-06T15:37:04,318,355,295,320
25,37,337,311,0.9319,YOLO,detection,531,drone,Mode 1,C:/Users/user/Desktop/python/project/project/assets/raw/video/video_002.mp4,2026-05-06T15:37:04,319,356,299,324
25,36,338,314,0.917,YOLO,detection,532,drone,Mode 1,C:/Users/user/Desktop/python/project/project/assets/raw/video/video_002.mp4,2026-05-06T15:37:04,320,356,302,327
24,35,337,314,0.9123,YOLO,detection,533,drone,Mode 1,C:/Users/user/Desktop/python/project/project/assets/raw/video/video_002.mp4,2026-05-06T15:37:05,320,355,302,326
25,36,339,308,0.9141,YOLO,detection,534,drone,Mode 1,C:/Users/user/Desktop/python/project/project/assets/raw/video/video_002.mp4,2026-05-06T15:37:05,321,357,296,321
24,37,339,304,0.9297,YOLO,detection,535,drone,Mode 1,C:/Users/user/Desktop/python/project/project/assets/raw/video/video_002.mp4,2026-05-06T15:37:05,321,358,292,316
25,36,340,298,0.9158,YOLO,detection,536,drone,Mode 1,C:/Users/user/Desktop/python/project/project/assets/raw/video/video_002.mp4,2026-05-06T15:37:05,322,358,286,311
25,37,339,292,0.9153,YOLO,detection,537,drone,Mode 1,C:/Users/user/Desktop/python/project/project/assets/raw/video/video_002.mp4,2026-05-06T15:37:05,321,358,280,305
24,37,338,287,0.928,YOLO,detection,538,drone,Mode 1,C:/Users/user/Desktop/python/project/project/assets/raw/video/video_002.mp4,2026-05-06T15:37:05,320,357,275,299
25,37,337,280,0.9227,YOLO,detection,539,drone,Mode 1,C:/Users/user/Desktop/python/project/project/assets/raw/video/video_002.mp4,2026-05-06T15:37:05,319,356,268,293
25,37,335,276,0.9202,YOLO,detection,540,drone,Mode 1,C:/Users/user/Desktop/python/project/project/assets/raw/video/video_002.mp4,2026-05-06T15:37:05,317,354,264,289
24,36,333,275,0.908,YOLO,detection,541,drone,Mode 1,C:/Users/user/Desktop/python/project/project/assets/raw/video/video_002.mp4,2026-05-06T15:37:05,315,351,263,287
26,38,331,272,0.92,YOLO,detection,542,drone,Mode 1,C:/Users/user/Desktop/python/project/project/assets/raw/video/video_002.mp4,2026-05-06T15:37:05,312,350,259,285
25,39,328,269,0.9111,YOLO,detection,543,drone,Mode 1,C:/Users/user/Desktop/python/project/project/assets/raw/video/video_002.mp4,2026-05-06T15:37:05,309,348,257,282
26,37,326,268,0.9036,YOLO,detection,544,drone,Mode 1,C:/Users/user/Desktop/python/project/project/assets/raw/video/video_002.mp4,2026-05-06T15:37:05,308,345,255,281
26,39,324,269,0.8864,YOLO,detection,545,drone,Mode 1,C:/Users/user/Desktop/python/project/project/assets/raw/video/video_002.mp4,2026-05-06T15:37:05,305,344,256,282
26,38,322,271,0.9118,YOLO,detection,546,drone,Mode 1,C:/Users/user/Desktop/python/project/project/assets/raw/video/video_002.mp4,2026-05-06T15:37:05,303,341,258,284
27,37,320,272,0.904,YOLO,detection,547,drone,Mode 1,C:/Users/user/Desktop/python/project/project/assets/raw/video/video_002.mp4,2026-05-06T15:37:05,302,339,259,286
28,37,320,275,0.8999,YOLO,detection,548,drone,Mode 1,C:/Users/user/Desktop/python/project/project/assets/raw/video/video_002.mp4,2026-05-06T15:37:05,302,339,261,289
28,37,318,277,0.8897,YOLO,detection,549,drone,Mode 1,C:/Users/user/Desktop/python/project/project/assets/raw/video/video_002.mp4,2026-05-06T15:37:05,300,337,263,291
27,37,318,279,0.8928,YOLO,detection,550,drone,Mode 1,C:/Users/user/Desktop/python/project/project/assets/raw/video/video_002.mp4,2026-05-06T15:37:05,300,337,266,293
26,35,318,283,0.8611,YOLO,detection,551,drone,Mode 1,C:/Users/user/Desktop/python/project/project/assets/raw/video/video_002.mp4,2026-05-06T15:37:05,301,336,270,296
27,38,321,285,0.847,YOLO,detection,552,drone,Mode 1,C:/Users/user/Desktop/python/project/project/assets/raw/video/video_002.mp4,2026-05-06T15:37:05,302,340,272,299
27,40,325,289,0.8916,YOLO,detection,553,drone,Mode 1,C:/Users/user/Desktop/python/project/project/assets/raw/video/video_002.mp4,2026-05-06T15:37:05,305,345,276,303
25,37,324,291,0.8984,YOLO,detection,554,drone,Mode 1,C:/Users/user/Desktop/python/project/project/assets/raw/video/video_002.mp4,2026-05-06T15:37:06,306,343,279,304
26,37,324,292,0.9023,YOLO,detection,555,drone,Mode 1,C:/Users/user/Desktop/python/project/project/assets/raw/video/video_002.mp4,2026-05-06T15:37:06,306,343,279,305
26,38,325,293,0.9056,YOLO,detection,556,drone,Mode 1,C:/Users/user/Desktop/python/project/project/assets/raw/video/video_002.mp4,2026-05-06T15:37:06,306,344,280,306
27,38,327,292,0.9102,YOLO,detection,557,drone,Mode 1,C:/Users/user/Desktop/python/project/project/assets/raw/video/video_002.mp4,2026-05-06T15:37:06,308,346,279,306
26,38,329,293,0.9184,YOLO,detection,558,drone,Mode 1,C:/Users/user/Desktop/python/project/project/assets/raw/video/video_002.mp4,2026-05-06T15:37:06,310,348,280,306
26,37,331,293,0.9115,YOLO,detection,559,drone,Mode 1,C:/Users/user/Desktop/python/project/project/assets/raw/video/video_002.mp4,2026-05-06T15:37:06,313,350,280,306
25,38,333,293,0.9179,YOLO,detection,560,drone,Mode 1,C:/Users/user/Desktop/python/project/project/assets/raw/video/video_002.mp4,2026-05-06T15:37:06,314,352,281,306
25,37,334,293,0.9193,YOLO,detection,561,drone,Mode 1,C:/Users/user/Desktop/python/project/project/assets/raw/video/video_002.mp4,2026-05-06T15:37:06,316,353,281,306
26,36,335,294,0.919,YOLO,detection,562,drone,Mode 1,C:/Users/user/Desktop/python/project/project/assets/raw/video/video_002.mp4,2026-05-06T15:37:06,317,353,281,307
25,36,335,294,0.9231,YOLO,detection,563,drone,Mode 1,C:/Users/user/Desktop/python/project/project/assets/raw/video/video_002.mp4,2026-05-06T15:37:06,317,353,282,307
25,35,335,294,0.9231,YOLO,detection,564,drone,Mode 1,C:/Users/user/Desktop/python/project/project/assets/raw/video/video_002.mp4,2026-05-06T15:37:06,318,353,282,307
25,37,335,295,0.9274,YOLO,detection,565,drone,Mode 1,C:/Users/user/Desktop/python/project/project/assets/raw/video/video_002.mp4,2026-05-06T15:37:06,317,354,283,308
25,37,336,296,0.9236,YOLO,detection,566,drone,Mode 1,C:/Users/user/Desktop/python/project/project/assets/raw/video/video_002.mp4,2026-05-06T15:37:06,318,355,284,309
25,36,337,296,0.9233,YOLO,detection,567,drone,Mode 1,C:/Users/user/Desktop/python/project/project/assets/raw/video/video_002.mp4,2026-05-06T15:37:06,319,355,284,309
25,36,336,295,0.9295,YOLO,detection,568,drone,Mode 1,C:/Users/user/Desktop/python/project/project/assets/raw/video/video_002.mp4,2026-05-06T15:37:06,318,354,283,308
25,36,336,293,0.9231,YOLO,detection,569,drone,Mode 1,C:/Users/user/Desktop/python/project/project/assets/raw/video/video_002.mp4,2026-05-06T15:37:06,318,354,281,306
25,36,335,293,0.9191,YOLO,detection,570,drone,Mode 1,C:/Users/user/Desktop/python/project/project/assets/raw/video/video_002.mp4,2026-05-06T15:37:06,317,353,281,306
25,35,335,294,0.9201,YOLO,detection,571,drone,Mode 1,C:/Users/user/Desktop/python/project/project/assets/raw/video/video_002.mp4,2026-05-06T15:37:06,318,353,282,307
25,35,334,294,0.9201,YOLO,detection,572,drone,Mode 1,C:/Users/user/Desktop/python/project/project/assets/raw/video/video_002.mp4,2026-05-06T15:37:06,317,352,282,307
24,34,335,294,0.9167,YOLO,detection,573,drone,Mode 1,C:/Users/user/Desktop/python/project/project/assets/raw/video/video_002.mp4,2026-05-06T15:37:06,318,352,282,306
25,35,334,293,0.9111,YOLO,detection,574,drone,Mode 1,C:/Users/user/Desktop/python/project/project/assets/raw/video/video_002.mp4,2026-05-06T15:37:06,317,352,281,306
25,35,333,293,0.9136,YOLO,detection,575,drone,Mode 1,C:/Users/user/Desktop/python/project/project/assets/raw/video/video_002.mp4,2026-05-06T15:37:06,316,351,281,306
25,34,334,294,0.9188,YOLO,detection,576,drone,Mode 1,C:/Users/user/Desktop/python/project/project/assets/raw/video/video_002.mp4,2026-05-06T15:37:07,317,351,282,307
24,35,333,295,0.9215,YOLO,detection,577,drone,Mode 1,C:/Users/user/Desktop/python/project/project/assets/raw/video/video_002.mp4,2026-05-06T15:37:07,316,351,283,307
24,35,332,295,0.9197,YOLO,detection,578,drone,Mode 1,C:/Users/user/Desktop/python/project/project/assets/raw/video/video_002.mp4,2026-05-06T15:37:07,315,350,283,307
24,34,331,294,0.9159,YOLO,detection,579,drone,Mode 1,C:/Users/user/Desktop/python/project/project/assets/raw/video/video_002.mp4,2026-05-06T15:37:07,314,348,282,306
26,32,330,293,0.9004,YOLO,detection,580,drone,Mode 1,C:/Users/user/Desktop/python/project/project/assets/raw/video/video_002.mp4,2026-05-06T15:37:07,314,346,280,306
26,33,328,291,0.8965,YOLO,detection,581,drone,Mode 1,C:/Users/user/Desktop/python/project/project/assets/raw/video/video_002.mp4,2026-05-06T15:37:07,312,345,278,304
27,33,327,288,0.8896,YOLO,detection,582,drone,Mode 1,C:/Users/user/Desktop/python/project/project/assets/raw/video/video_002.mp4,2026-05-06T15:37:07,311,344,275,302
26,34,328,288,0.9069,YOLO,detection,583,drone,Mode 1,C:/Users/user/Desktop/python/project/project/assets/raw/video/video_002.mp4,2026-05-06T15:37:07,311,345,275,301
27,33,328,288,0.889,YOLO,detection,584,drone,Mode 1,C:/Users/user/Desktop/python/project/project/assets/raw/video/video_002.mp4,2026-05-06T15:37:07,312,345,275,302
26,33,329,289,0.9041,YOLO,detection,585,drone,Mode 1,C:/Users/user/Desktop/python/project/project/assets/raw/video/video_002.mp4,2026-05-06T15:37:07,313,346,276,302
26,32,332,289,0.8808,YOLO,detection,586,drone,Mode 1,C:/Users/user/Desktop/python/project/project/assets/raw/video/video_002.mp4,2026-05-06T15:37:07,316,348,276,302
26,30,334,289,0.8778,YOLO,detection,587,drone,Mode 1,C:/Users/user/Desktop/python/project/project/assets/raw/video/video_002.mp4,2026-05-06T15:37:07,319,349,276,302
26,30,333,290,0.8377,YOLO,detection,588,drone,Mode 1,C:/Users/user/Desktop/python/project/project/assets/raw/video/video_002.mp4,2026-05-06T15:37:07,318,348,277,303
26,34,332,291,0.89,YOLO,detection,589,drone,Mode 1,C:/Users/user/Desktop/python/project/project/assets/raw/video/video_002.mp4,2026-05-06T15:37:07,315,349,278,304
27,33,331,291,0.8865,YOLO,detection,590,drone,Mode 1,C:/Users/user/Desktop/python/project/project/assets/raw/video/video_002.mp4,2026-05-06T15:37:07,315,348,278,305
27,35,330,291,0.8969,YOLO,detection,591,drone,Mode 1,C:/Users/user/Desktop/python/project/project/assets/raw/video/video_002.mp4,2026-05-06T15:37:07,313,348,278,305
29,34,329,290,0.8996,YOLO,detection,592,drone,Mode 1,C:/Users/user/Desktop/python/project/project/assets/raw/video/video_002.mp4,2026-05-06T15:37:07,312,346,276,305
30,36,329,290,0.9097,YOLO,detection,593,drone,Mode 1,C:/Users/user/Desktop/python/project/project/assets/raw/video/video_002.mp4,2026-05-06T15:37:07,311,347,275,305
31,36,328,288,0.8882,YOLO,detection,594,drone,Mode 1,C:/Users/user/Desktop/python/project/project/assets/raw/video/video_002.mp4,2026-05-06T15:37:07,310,346,273,304
32,36,327,286,0.8674,YOLO,detection,595,drone,Mode 1,C:/Users/user/Desktop/python/project/project/assets/raw/video/video_002.mp4,2026-05-06T15:37:08,309,345,270,302
33,35,325,283,0.8306,YOLO,detection,596,drone,Mode 1,C:/Users/user/Desktop/python/project/project/assets/raw/video/video_002.mp4,2026-05-06T15:37:08,308,343,267,300
31,35,326,281,0.7915,YOLO,detection,597,drone,Mode 1,C:/Users/user/Desktop/python/project/project/assets/raw/video/video_002.mp4,2026-05-06T15:37:08,309,344,266,297
12,32,298,258,0.8738,YOLO,detection,598,drone,Mode 1,C:/Users/user/Desktop/python/project/project/assets/raw/video/video_002.mp4,2026-05-06T15:37:08,282,314,252,264
11,31,297,257,0.8562,YOLO,detection,599,drone,Mode 1,C:/Users/user/Desktop/python/project/project/assets/raw/video/video_002.mp4,2026-05-06T15:37:08,282,313,252,263
12,30,298,257,0.8566,YOLO,detection,600,drone,Mode 1,C:/Users/user/Desktop/python/project/project/assets/raw/video/video_002.mp4,2026-05-06T15:37:08,283,313,251,263
12,34,299,255,0.8279,YOLO,detection,601,drone,Mode 1,C:/Users/user/Desktop/python/project/project/assets/raw/video/video_002.mp4,2026-05-06T15:37:08,282,316,249,261
13,35,299,255,0.8297,YOLO,detection,602,drone,Mode 1,C:/Users/user/Desktop/python/project/project/assets/raw/video/video_002.mp4,2026-05-06T15:37:08,282,317,249,262
14,33,301,256,0.8445,YOLO,detection,603,drone,Mode 1,C:/Users/user/Desktop/python/project/project/assets/raw/video/video_002.mp4,2026-05-06T15:37:08,285,318,249,263
13,33,302,256,0.8438,YOLO,detection,604,drone,Mode 1,C:/Users/user/Desktop/python/project/project/assets/raw/video/video_002.mp4,2026-05-06T15:37:08,286,319,250,263
14,31,303,258,0.8752,YOLO,detection,605,drone,Mode 1,C:/Users/user/Desktop/python/project/project/assets/raw/video/video_002.mp4,2026-05-06T15:37:08,288,319,251,265
14,31,304,258,0.883,YOLO,detection,606,drone,Mode 1,C:/Users/user/Desktop/python/project/project/assets/raw/video/video_002.mp4,2026-05-06T15:37:08,289,320,251,265
13,32,305,257,0.8781,YOLO,detection,607,drone,Mode 1,C:/Users/user/Desktop/python/project/project/assets/raw/video/video_002.mp4,2026-05-06T15:37:08,289,321,251,264
14,32,305,258,0.8785,YOLO,detection,608,drone,Mode 1,C:/Users/user/Desktop/python/project/project/assets/raw/video/video_002.mp4,2026-05-06T15:37:08,289,321,251,265
14,31,305,258,0.8814,YOLO,detection,609,drone,Mode 1,C:/Users/user/Desktop/python/project/project/assets/raw/video/video_002.mp4,2026-05-06T15:37:08,290,321,251,265
14,31,305,258,0.8808,YOLO,detection,610,drone,Mode 1,C:/Users/user/Desktop/python/project/project/assets/raw/video/video_002.mp4,2026-05-06T15:37:08,290,321,251,265
14,32,306,258,0.8768,YOLO,detection,611,drone,Mode 1,C:/Users/user/Desktop/python/project/project/assets/raw/video/video_002.mp4,2026-05-06T15:37:08,290,322,251,265
22,46,357,251,0.4442,YOLO,detection,612,drone,Mode 1,C:/Users/user/Desktop/python/project/project/assets/raw/video/video_002.mp4,2026-05-06T15:37:08,334,380,240,262
18,42,360,250,0.8398,YOLO,detection,613,drone,Mode 1,C:/Users/user/Desktop/python/project/project/assets/raw/video/video_002.mp4,2026-05-06T15:37:08,339,381,241,259
17,39,363,250,0.8554,YOLO,detection,614,drone,Mode 1,C:/Users/user/Desktop/python/project/project/assets/raw/video/video_002.mp4,2026-05-06T15:37:08,344,383,242,259
18,37,364,249,0.866,YOLO,detection,615,drone,Mode 1,C:/Users/user/Desktop/python/project/project/assets/raw/video/video_002.mp4,2026-05-06T15:37:08,346,383,240,258
19,39,366,249,0.8651,YOLO,detection,616,drone,Mode 1,C:/Users/user/Desktop/python/project/project/assets/raw/video/video_002.mp4,2026-05-06T15:37:09,347,386,240,259
18,36,370,248,0.8738,YOLO,detection,617,drone,Mode 1,C:/Users/user/Desktop/python/project/project/assets/raw/video/video_002.mp4,2026-05-06T15:37:09,352,388,239,257
19,35,372,248,0.8619,YOLO,detection,618,drone,Mode 1,C:/Users/user/Desktop/python/project/project/assets/raw/video/video_002.mp4,2026-05-06T15:37:09,355,390,239,258
20,37,374,247,0.8749,YOLO,detection,619,drone,Mode 1,C:/Users/user/Desktop/python/project/project/assets/raw/video/video_002.mp4,2026-05-06T15:37:09,356,393,237,257
21,38,375,245,0.803,YOLO,detection,620,drone,Mode 1,C:/Users/user/Desktop/python/project/project/assets/raw/video/video_002.mp4,2026-05-06T15:37:09,356,394,235,256
16,32,306,257,0.8862,YOLO,detection,621,drone,Mode 1,C:/Users/user/Desktop/python/project/project/assets/raw/video/video_002.mp4,2026-05-06T15:37:09,290,322,249,265
23,46,377,243,0.8431,YOLO,detection,622,drone,Mode 1,C:/Users/user/Desktop/python/project/project/assets/raw/video/video_002.mp4,2026-05-06T15:37:09,354,400,232,255
22,45,379,244,0.8369,YOLO,detection,623,drone,Mode 1,C:/Users/user/Desktop/python/project/project/assets/raw/video/video_002.mp4,2026-05-06T15:37:09,357,402,233,255
17,32,307,256,0.886,YOLO,detection,624,drone,Mode 1,C:/Users/user/Desktop/python/project/project/assets/raw/video/video_002.mp4,2026-05-06T15:37:09,291,323,248,265
22,43,389,244,0.6729,YOLO,detection,625,drone,Mode 1,C:/Users/user/Desktop/python/project/project/assets/raw/video/video_002.mp4,2026-05-06T15:37:09,368,411,233,255
22,32,399,243,0.846,YOLO,detection,626,drone,Mode 1,C:/Users/user/Desktop/python/project/project/assets/raw/video/video_002.mp4,2026-05-06T15:37:09,383,415,232,254
24,34,402,243,0.8435,YOLO,detection,627,drone,Mode 1,C:/Users/user/Desktop/python/project/project/assets/raw/video/video_002.mp4,2026-05-06T15:37:09,385,419,231,255
24,36,403,243,0.8908,YOLO,detection,628,drone,Mode 1,C:/Users/user/Desktop/python/project/project/assets/raw/video/video_002.mp4,2026-05-06T15:37:09,385,421,231,255
26,38,404,242,0.8976,YOLO,detection,629,drone,Mode 1,C:/Users/user/Desktop/python/project/project/assets/raw/video/video_002.mp4,2026-05-06T15:37:09,385,423,229,255
26,39,405,242,0.9031,YOLO,detection,630,drone,Mode 1,C:/Users/user/Desktop/python/project/project/assets/raw/video/video_002.mp4,2026-05-06T15:37:09,386,425,229,255
26,40,407,242,0.9019,YOLO,detection,631,drone,Mode 1,C:/Users/user/Desktop/python/project/project/assets/raw/video/video_002.mp4,2026-05-06T15:37:09,387,427,229,255
27,41,408,242,0.8971,YOLO,detection,632,drone,Mode 1,C:/Users/user/Desktop/python/project/project/assets/raw/video/video_002.mp4,2026-05-06T15:37:09,388,429,229,256
27,43,409,241,0.8977,YOLO,detection,633,drone,Mode 1,C:/Users/user/Desktop/python/project/project/assets/raw/video/video_002.mp4,2026-05-06T15:37:09,388,431,228,255
28,43,410,241,0.9124,YOLO,detection,634,drone,Mode 1,C:/Users/user/Desktop/python/project/project/assets/raw/video/video_002.mp4,2026-05-06T15:37:09,389,432,227,255
27,42,411,240,0.9073,YOLO,detection,635,drone,Mode 1,C:/Users/user/Desktop/python/project/project/assets/raw/video/video_002.mp4,2026-05-06T15:37:09,390,432,227,254
26,42,412,241,0.9063,YOLO,detection,636,drone,Mode 1,C:/Users/user/Desktop/python/project/project/assets/raw/video/video_002.mp4,2026-05-06T15:37:09,391,433,228,254
25,41,414,242,0.8936,YOLO,detection,637,drone,Mode 1,C:/Users/user/Desktop/python/project/project/assets/raw/video/video_002.mp4,2026-05-06T15:37:10,394,435,230,255
24,39,417,246,0.9149,YOLO,detection,638,drone,Mode 1,C:/Users/user/Desktop/python/project/project/assets/raw/video/video_002.mp4,2026-05-06T15:37:10,398,437,234,258
21,38,419,246,0.9158,YOLO,detection,639,drone,Mode 1,C:/Users/user/Desktop/python/project/project/assets/raw/video/video_002.mp4,2026-05-06T15:37:10,400,438,236,257
21,37,421,246,0.9016,YOLO,detection,640,drone,Mode 1,C:/Users/user/Desktop/python/project/project/assets/raw/video/video_002.mp4,2026-05-06T15:37:10,403,440,236,257
22,37,424,246,0.9042,YOLO,detection,641,drone,Mode 1,C:/Users/user/Desktop/python/project/project/assets/raw/video/video_002.mp4,2026-05-06T15:37:10,406,443,235,257
22,37,425,245,0.898,YOLO,detection,642,drone,Mode 1,C:/Users/user/Desktop/python/project/project/assets/raw/video/video_002.mp4,2026-05-06T15:37:10,407,444,234,256
21,37,426,244,0.8909,YOLO,detection,643,drone,Mode 1,C:/Users/user/Desktop/python/project/project/assets/raw/video/video_002.mp4,2026-05-06T15:37:10,408,445,234,255
22,38,428,243,0.8777,YOLO,detection,644,drone,Mode 1,C:/Users/user/Desktop/python/project/project/assets/raw/video/video_002.mp4,2026-05-06T15:37:10,409,447,232,254
21,37,429,243,0.8755,YOLO,detection,645,drone,Mode 1,C:/Users/user/Desktop/python/project/project/assets/raw/video/video_002.mp4,2026-05-06T15:37:10,411,448,233,254
22,37,430,244,0.8855,YOLO,detection,646,drone,Mode 1,C:/Users/user/Desktop/python/project/project/assets/raw/video/video_002.mp4,2026-05-06T15:37:10,412,449,233,255
22,38,432,245,0.8959,YOLO,detection,647,drone,Mode 1,C:/Users/user/Desktop/python/project/project/assets/raw/video/video_002.mp4,2026-05-06T15:37:10,413,451,234,256
23,39,432,245,0.8922,YOLO,detection,648,drone,Mode 1,C:/Users/user/Desktop/python/project/project/assets/raw/video/video_002.mp4,2026-05-06T15:37:10,413,452,234,257
22,38,432,246,0.9084,YOLO,detection,649,drone,Mode 1,C:/Users/user/Desktop/python/project/project/assets/raw/video/video_002.mp4,2026-05-06T15:37:10,413,451,235,257
24,39,431,246,0.9123,YOLO,detection,650,drone,Mode 1,C:/Users/user/Desktop/python/project/project/assets/raw/video/video_002.mp4,2026-05-06T15:37:10,412,451,234,258
25,40,432,246,0.9146,YOLO,detection,651,drone,Mode 1,C:/Users/user/Desktop/python/project/project/assets/raw/video/video_002.mp4,2026-05-06T15:37:10,412,452,234,259
25,40,433,247,0.916,YOLO,detection,652,drone,Mode 1,C:/Users/user/Desktop/python/project/project/assets/raw/video/video_002.mp4,2026-05-06T15:37:10,413,453,235,260
26,41,435,248,0.9213,YOLO,detection,653,drone,Mode 1,C:/Users/user/Desktop/python/project/project/assets/raw/video/video_002.mp4,2026-05-06T15:37:10,415,456,235,261
26,42,440,250,0.9124,YOLO,detection,654,drone,Mode 1,C:/Users/user/Desktop/python/project/project/assets/raw/video/video_002.mp4,2026-05-06T15:37:10,419,461,237,263
27,44,443,250,0.9118,YOLO,detection,655,drone,Mode 1,C:/Users/user/Desktop/python/project/project/assets/raw/video/video_002.mp4,2026-05-06T15:37:10,421,465,237,264
26,43,447,252,0.9157,YOLO,detection,656,drone,Mode 1,C:/Users/user/Desktop/python/project/project/assets/raw/video/video_002.mp4,2026-05-06T15:37:10,426,469,239,265
27,43,450,253,0.9194,YOLO,detection,657,drone,Mode 1,C:/Users/user/Desktop/python/project/project/assets/raw/video/video_002.mp4,2026-05-06T15:37:10,429,472,240,267
26,42,454,253,0.9136,YOLO,detection,658,drone,Mode 1,C:/Users/user/Desktop/python/project/project/assets/raw/video/video_002.mp4,2026-05-06T15:37:11,433,475,240,266
28,43,457,253,0.9183,YOLO,detection,659,drone,Mode 1,C:/Users/user/Desktop/python/project/project/assets/raw/video/video_002.mp4,2026-05-06T15:37:11,436,479,239,267
27,43,461,253,0.9158,YOLO,detection,660,drone,Mode 1,C:/Users/user/Desktop/python/project/project/assets/raw/video/video_002.mp4,2026-05-06T15:37:11,440,483,240,267
27,43,464,254,0.9199,YOLO,detection,661,drone,Mode 1,C:/Users/user/Desktop/python/project/project/assets/raw/video/video_002.mp4,2026-05-06T15:37:11,443,486,241,268
27,43,467,254,0.9205,YOLO,detection,662,drone,Mode 1,C:/Users/user/Desktop/python/project/project/assets/raw/video/video_002.mp4,2026-05-06T15:37:11,446,489,241,268
28,45,470,254,0.9108,YOLO,detection,663,drone,Mode 1,C:/Users/user/Desktop/python/project/project/assets/raw/video/video_002.mp4,2026-05-06T15:37:11,448,493,240,268
28,45,474,254,0.9246,YOLO,detection,664,drone,Mode 1,C:/Users/user/Desktop/python/project/project/assets/raw/video/video_002.mp4,2026-05-06T15:37:11,452,497,240,268
27,44,478,253,0.9091,YOLO,detection,665,drone,Mode 1,C:/Users/user/Desktop/python/project/project/assets/raw/video/video_002.mp4,2026-05-06T15:37:11,456,500,240,267
29,43,480,252,0.9144,YOLO,detection,666,drone,Mode 1,C:/Users/user/Desktop/python/project/project/assets/raw/video/video_002.mp4,2026-05-06T15:37:11,459,502,238,267
28,45,483,252,0.9182,YOLO,detection,667,drone,Mode 1,C:/Users/user/Desktop/python/project/project/assets/raw/video/video_002.mp4,2026-05-06T15:37:11,461,506,238,266
29,45,486,251,0.9173,YOLO,detection,668,drone,Mode 1,C:/Users/user/Desktop/python/project/project/assets/raw/video/video_002.mp4,2026-05-06T15:37:11,464,509,237,266
30,46,489,252,0.9194,YOLO,detection,669,drone,Mode 1,C:/Users/user/Desktop/python/project/project/assets/raw/video/video_002.mp4,2026-05-06T15:37:11,466,512,237,267
30,46,492,251,0.9261,YOLO,detection,670,drone,Mode 1,C:/Users/user/Desktop/python/project/project/assets/raw/video/video_002.mp4,2026-05-06T15:37:11,469,515,236,266
30,46,495,251,0.9143,YOLO,detection,671,drone,Mode 1,C:/Users/user/Desktop/python/project/project/assets/raw/video/video_002.mp4,2026-05-06T15:37:11,472,518,236,266
31,45,497,250,0.9205,YOLO,detection,672,drone,Mode 1,C:/Users/user/Desktop/python/project/project/assets/raw/video/video_002.mp4,2026-05-06T15:37:11,475,520,235,266
31,46,498,250,0.9107,YOLO,detection,673,drone,Mode 1,C:/Users/user/Desktop/python/project/project/assets/raw/video/video_002.mp4,2026-05-06T15:37:11,475,521,235,266
29,42,501,249,0.9128,YOLO,detection,674,drone,Mode 1,C:/Users/user/Desktop/python/project/project/assets/raw/video/video_002.mp4,2026-05-06T15:37:11,480,522,235,264
29,44,504,248,0.9073,YOLO,detection,675,drone,Mode 1,C:/Users/user/Desktop/python/project/project/assets/raw/video/video_002.mp4,2026-05-06T15:37:11,482,526,234,263
32,44,507,247,0.8917,YOLO,detection,676,drone,Mode 1,C:/Users/user/Desktop/python/project/project/assets/raw/video/video_002.mp4,2026-05-06T15:37:11,485,529,231,263
29,42,511,246,0.8484,YOLO,detection,677,drone,Mode 1,C:/Users/user/Desktop/python/project/project/assets/raw/video/video_002.mp4,2026-05-06T15:37:11,490,532,232,261
21,33,326,261,0.8498,YOLO,detection,678,drone,Mode 1,C:/Users/user/Desktop/python/project/project/assets/raw/video/video_002.mp4,2026-05-06T15:37:11,310,343,251,272
21,35,328,260,0.8949,YOLO,detection,679,drone,Mode 1,C:/Users/user/Desktop/python/project/project/assets/raw/video/video_002.mp4,2026-05-06T15:37:11,311,346,250,271
21,33,329,260,0.8683,YOLO,detection,680,drone,Mode 1,C:/Users/user/Desktop/python/project/project/assets/raw/video/video_002.mp4,2026-05-06T15:37:12,313,346,250,271
21,32,330,259,0.8802,YOLO,detection,681,drone,Mode 1,C:/Users/user/Desktop/python/project/project/assets/raw/video/video_002.mp4,2026-05-06T15:37:12,314,346,249,270
20,33,332,260,0.893,YOLO,detection,682,drone,Mode 1,C:/Users/user/Desktop/python/project/project/assets/raw/video/video_002.mp4,2026-05-06T15:37:12,316,349,250,270
21,32,334,259,0.879,YOLO,detection,683,drone,Mode 1,C:/Users/user/Desktop/python/project/project/assets/raw/video/video_002.mp4,2026-05-06T15:37:12,318,350,249,270
20,32,335,259,0.886,YOLO,detection,684,drone,Mode 1,C:/Users/user/Desktop/python/project/project/assets/raw/video/video_002.mp4,2026-05-06T15:37:12,319,351,249,269
21,34,336,259,0.8886,YOLO,detection,685,drone,Mode 1,C:/Users/user/Desktop/python/project/project/assets/raw/video/video_002.mp4,2026-05-06T15:37:12,319,353,249,270
20,32,336,259,0.8858,YOLO,detection,686,drone,Mode 1,C:/Users/user/Desktop/python/project/project/assets/raw/video/video_002.mp4,2026-05-06T15:37:12,320,352,249,269
20,35,336,257,0.9001,YOLO,detection,687,drone,Mode 1,C:/Users/user/Desktop/python/project/project/assets/raw/video/video_002.mp4,2026-05-06T15:37:12,319,354,247,267
34,60,541,240,0.4154,YOLO,detection,688,drone,Mode 1,C:/Users/user/Desktop/python/project/project/assets/raw/video/video_002.mp4,2026-05-06T15:37:12,511,571,223,257
36,58,544,238,0.8724,YOLO,detection,689,drone,Mode 1,C:/Users/user/Desktop/python/project/project/assets/raw/video/video_002.mp4,2026-05-06T15:37:12,515,573,220,256
35,60,546,236,0.855,YOLO,detection,690,drone,Mode 1,C:/Users/user/Desktop/python/project/project/assets/raw/video/video_002.mp4,2026-05-06T15:37:12,516,576,219,254
36,58,553,236,0.8848,YOLO,detection,691,drone,Mode 1,C:/Users/user/Desktop/python/project/project/assets/raw/video/video_002.mp4,2026-05-06T15:37:12,524,582,218,254
36,57,559,237,0.8949,YOLO,detection,692,drone,Mode 1,C:/Users/user/Desktop/python/project/project/assets/raw/video/video_002.mp4,2026-05-06T15:37:12,531,588,219,255
36,59,563,236,0.9035,YOLO,detection,693,drone,Mode 1,C:/Users/user/Desktop/python/project/project/assets/raw/video/video_002.mp4,2026-05-06T15:37:12,534,593,218,254
36,58,568,235,0.9196,YOLO,detection,694,drone,Mode 1,C:/Users/user/Desktop/python/project/project/assets/raw/video/video_002.mp4,2026-05-06T15:37:12,539,597,217,253
38,57,570,232,0.9162,YOLO,detection,695,drone,Mode 1,C:/Users/user/Desktop/python/project/project/assets/raw/video/video_002.mp4,2026-05-06T15:37:12,542,599,213,251
35,57,572,229,0.9133,YOLO,detection,696,drone,Mode 1,C:/Users/user/Desktop/python/project/project/assets/raw/video/video_002.mp4,2026-05-06T15:37:12,544,601,212,247
34,54,575,227,0.9095,YOLO,detection,697,drone,Mode 1,C:/Users/user/Desktop/python/project/project/assets/raw/video/video_002.mp4,2026-05-06T15:37:12,548,602,210,244
34,55,575,223,0.9002,YOLO,detection,698,drone,Mode 1,C:/Users/user/Desktop/python/project/project/assets/raw/video/video_002.mp4,2026-05-06T15:37:12,548,603,206,240
33,53,575,220,0.8961,YOLO,detection,699,drone,Mode 1,C:/Users/user/Desktop/python/project/project/assets/raw/video/video_002.mp4,2026-05-06T15:37:20,549,602,204,237
36,52,575,218,0.7127,YOLO,detection,700,drone,Mode 1,C:/Users/user/Desktop/python/project/project/assets/raw/video/video_002.mp4,2026-05-06T15:37:20,549,601,200,236
25,33,321,237,0.4194,YOLO,detection,701,drone,Mode 1,C:/Users/user/Desktop/python/project/project/assets/raw/video/video_002.mp4,2026-05-06T15:37:20,305,338,225,250
24,32,318,236,0.5546,YOLO,detection,702,drone,Mode 1,C:/Users/user/Desktop/python/project/project/assets/raw/video/video_002.mp4,2026-05-06T15:37:20,302,334,224,248
20,31,312,233,0.8417,YOLO,detection,703,drone,Mode 1,C:/Users/user/Desktop/python/project/project/assets/raw/video/video_002.mp4,2026-05-06T15:37:20,297,328,223,243
21,32,309,230,0.8792,YOLO,detection,704,drone,Mode 1,C:/Users/user/Desktop/python/project/project/assets/raw/video/video_002.mp4,2026-05-06T15:37:20,293,325,220,241
21,35,305,229,0.9091,YOLO,detection,705,drone,Mode 1,C:/Users/user/Desktop/python/project/project/assets/raw/video/video_002.mp4,2026-05-06T15:37:20,288,323,219,240
21,36,302,228,0.9076,YOLO,detection,706,drone,Mode 1,C:/Users/user/Desktop/python/project/project/assets/raw/video/video_002.mp4,2026-05-06T15:37:20,284,320,218,239
34,59,565,203,0.3727,YOLO,detection,707,drone,Mode 1,C:/Users/user/Desktop/python/project/project/assets/raw/video/video_002.mp4,2026-05-06T15:37:20,536,595,186,220
21,38,294,228,0.924,YOLO,detection,708,drone,Mode 1,C:/Users/user/Desktop/python/project/project/assets/raw/video/video_002.mp4,2026-05-06T15:37:20,275,313,218,239
37,60,562,203,0.6027,YOLO,detection,709,drone,Mode 1,C:/Users/user/Desktop/python/project/project/assets/raw/video/video_002.mp4,2026-05-06T15:37:20,532,592,185,222
37,62,559,203,0.7559,YOLO,detection,710,drone,Mode 1,C:/Users/user/Desktop/python/project/project/assets/raw/video/video_002.mp4,2026-05-06T15:37:20,528,590,185,222
35,62,559,200,0.8276,YOLO,detection,711,drone,Mode 1,C:/Users/user/Desktop/python/project/project/assets/raw/video/video_002.mp4,2026-05-06T15:37:20,528,590,183,218
37,58,562,196,0.7566,YOLO,detection,712,drone,Mode 1,C:/Users/user/Desktop/python/project/project/assets/raw/video/video_002.mp4,2026-05-06T15:37:20,533,591,178,215
36,61,562,194,0.8604,YOLO,detection,713,drone,Mode 1,C:/Users/user/Desktop/python/project/project/assets/raw/video/video_002.mp4,2026-05-06T15:37:20,532,593,176,212
35,55,568,190,0.8607,YOLO,detection,714,drone,Mode 1,C:/Users/user/Desktop/python/project/project/assets/raw/video/video_002.mp4,2026-05-06T15:37:20,541,596,173,208
34,54,574,185,0.8935,YOLO,detection,715,drone,Mode 1,C:/Users/user/Desktop/python/project/project/assets/raw/video/video_002.mp4,2026-05-06T15:37:20,547,601,168,202
36,54,580,181,0.883,YOLO,detection,716,drone,Mode 1,C:/Users/user/Desktop/python/project/project/assets/raw/video/video_002.mp4,2026-05-06T15:37:21,553,607,163,199
35,61,582,177,0.8915,YOLO,detection,717,drone,Mode 1,C:/Users/user/Desktop/python/project/project/assets/raw/video/video_002.mp4,2026-05-06T15:37:21,552,613,160,195
35,60,589,175,0.8805,YOLO,detection,718,drone,Mode 1,C:/Users/user/Desktop/python/project/project/assets/raw/video/video_002.mp4,2026-05-06T15:37:21,559,619,158,193
34,52,599,171,0.7799,YOLO,detection,719,drone,Mode 1,C:/Users/user/Desktop/python/project/project/assets/raw/video/video_002.mp4,2026-05-06T15:37:21,573,625,154,188
39,66,597,167,0.6991,YOLO,detection,720,drone,Mode 1,C:/Users/user/Desktop/python/project/project/assets/raw/video/video_002.mp4,2026-05-06T15:37:21,564,630,148,187
38,55,608,169,0.8469,YOLO,detection,721,drone,Mode 1,C:/Users/user/Desktop/python/project/project/assets/raw/video/video_002.mp4,2026-05-06T15:37:21,581,636,150,188
21,36,285,204,0.9065,YOLO,detection,722,drone,Mode 1,C:/Users/user/Desktop/python/project/project/assets/raw/video/video_002.mp4,2026-05-06T15:37:21,267,303,194,215
21,37,286,206,0.9082,YOLO,detection,723,drone,Mode 1,C:/Users/user/Desktop/python/project/project/assets/raw/video/video_002.mp4,2026-05-06T15:37:21,268,305,196,217
20,35,284,202,0.8891,YOLO,detection,724,drone,Mode 1,C:/Users/user/Desktop/python/project/project/assets/raw/video/video_002.mp4,2026-05-06T15:37:21,267,302,192,212
40,37,621,171,0.6347,YOLO,detection,725,drone,Mode 1,C:/Users/user/Desktop/python/project/project/assets/raw/video/video_002.mp4,2026-05-06T15:37:21,603,640,151,191
22,36,284,199,0.9106,YOLO,detection,726,drone,Mode 1,C:/Users/user/Desktop/python/project/project/assets/raw/video/video_002.mp4,2026-05-06T15:37:21,266,302,188,210
22,37,285,201,0.9104,YOLO,detection,727,drone,Mode 1,C:/Users/user/Desktop/python/project/project/assets/raw/video/video_002.mp4,2026-05-06T15:37:21,267,304,190,212
22,38,286,201,0.9091,YOLO,detection,728,drone,Mode 1,C:/Users/user/Desktop/python/project/project/assets/raw/video/video_002.mp4,2026-05-06T15:37:21,267,305,190,212
21,37,284,200,0.9082,YOLO,detection,729,drone,Mode 1,C:/Users/user/Desktop/python/project/project/assets/raw/video/video_002.mp4,2026-05-06T15:37:21,266,303,190,211
21,36,280,202,0.8915,YOLO,detection,730,drone,Mode 1,C:/Users/user/Desktop/python/project/project/assets/raw/video/video_002.mp4,2026-05-06T15:37:21,262,298,192,213
21,36,279,208,0.9034,YOLO,detection,731,drone,Mode 1,C:/Users/user/Desktop/python/project/project/assets/raw/video/video_002.mp4,2026-05-06T15:37:21,261,297,198,219
22,38,279,217,0.9089,YOLO,detection,732,drone,Mode 1,C:/Users/user/Desktop/python/project/project/assets/raw/video/video_002.mp4,2026-05-06T15:37:21,260,298,206,228
22,38,274,223,0.9052,YOLO,detection,733,drone,Mode 1,C:/Users/user/Desktop/python/project/project/assets/raw/video/video_002.mp4,2026-05-06T15:37:21,255,293,212,234
22,38,265,224,0.9124,YOLO,detection,734,drone,Mode 1,C:/Users/user/Desktop/python/project/project/assets/raw/video/video_002.mp4,2026-05-06T15:37:21,246,284,213,235
50,26,626,203,0.8132,YOLO,detection,735,drone,Mode 1,C:/Users/user/Desktop/python/project/project/assets/raw/video/video_002.mp4,2026-05-06T15:37:21,613,639,178,228
48,29,624,204,0.8282,YOLO,detection,736,drone,Mode 1,C:/Users/user/Desktop/python/project/project/assets/raw/video/video_002.mp4,2026-05-06T15:37:21,610,639,180,228
51,30,624,206,0.8394,YOLO,detection,737,drone,Mode 1,C:/Users/user/Desktop/python/project/project/assets/raw/video/video_002.mp4,2026-05-06T15:37:22,609,639,181,232
51,32,623,209,0.8436,YOLO,detection,738,drone,Mode 1,C:/Users/user/Desktop/python/project/project/assets/raw/video/video_002.mp4,2026-05-06T15:37:22,607,639,184,235
44,36,622,210,0.8638,YOLO,detection,739,drone,Mode 1,C:/Users/user/Desktop/python/project/project/assets/raw/video/video_002.mp4,2026-05-06T15:37:22,604,640,188,232
44,38,620,207,0.8634,YOLO,detection,740,drone,Mode 1,C:/Users/user/Desktop/python/project/project/assets/raw/video/video_002.mp4,2026-05-06T15:37:22,601,639,185,229
44,40,619,206,0.8358,YOLO,detection,741,drone,Mode 1,C:/Users/user/Desktop/python/project/project/assets/raw/video/video_002.mp4,2026-05-06T15:37:22,599,639,184,228
46,42,619,205,0.8716,YOLO,detection,742,drone,Mode 1,C:/Users/user/Desktop/python/project/project/assets/raw/video/video_002.mp4,2026-05-06T15:37:22,598,640,182,228
44,42,618,207,0.819,YOLO,detection,743,drone,Mode 1,C:/Users/user/Desktop/python/project/project/assets/raw/video/video_002.mp4,2026-05-06T15:37:22,597,639,185,229
43,45,617,208,0.7056,YOLO,detection,744,drone,Mode 1,C:/Users/user/Desktop/python/project/project/assets/raw/video/video_002.mp4,2026-05-06T15:37:22,595,640,187,230
45,41,618,205,0.8529,YOLO,detection,745,drone,Mode 1,C:/Users/user/Desktop/python/project/project/assets/raw/video/video_002.mp4,2026-05-06T15:37:22,598,639,183,228
46,41,618,202,0.8505,YOLO,detection,746,drone,Mode 1,C:/Users/user/Desktop/python/project/project/assets/raw/video/video_002.mp4,2026-05-06T15:37:22,598,639,179,225
25,42,214,218,0.9179,YOLO,detection,747,drone,Mode 1,C:/Users/user/Desktop/python/project/project/assets/raw/video/video_002.mp4,2026-05-06T15:37:22,193,235,206,231
25,42,213,217,0.9199,YOLO,detection,748,drone,Mode 1,C:/Users/user/Desktop/python/project/project/assets/raw/video/video_002.mp4,2026-05-06T15:37:22,192,234,205,230
24,41,209,222,0.9171,YOLO,detection,749,drone,Mode 1,C:/Users/user/Desktop/python/project/project/assets/raw/video/video_002.mp4,2026-05-06T15:37:22,189,230,210,234
25,43,209,229,0.9155,YOLO,detection,750,drone,Mode 1,C:/Users/user/Desktop/python/project/project/assets/raw/video/video_002.mp4,2026-05-06T15:37:22,188,231,217,242
25,42,209,233,0.9128,YOLO,detection,751,drone,Mode 1,C:/Users/user/Desktop/python/project/project/assets/raw/video/video_002.mp4,2026-05-06T15:37:22,188,230,221,246
54,49,615,232,0.6969,YOLO,detection,752,drone,Mode 1,C:/Users/user/Desktop/python/project/project/assets/raw/video/video_002.mp4,2026-05-06T15:37:22,591,640,205,259
52,58,610,239,0.8525,YOLO,detection,753,drone,Mode 1,C:/Users/user/Desktop/python/project/project/assets/raw/video/video_002.mp4,2026-05-06T15:37:22,581,639,213,265
50,68,605,249,0.8873,YOLO,detection,754,drone,Mode 1,C:/Users/user/Desktop/python/project/project/assets/raw/video/video_002.mp4,2026-05-06T15:37:22,571,639,224,274
50,75,601,252,0.9139,YOLO,detection,755,drone,Mode 1,C:/Users/user/Desktop/python/project/project/assets/raw/video/video_002.mp4,2026-05-06T15:37:22,564,639,227,277
49,79,596,246,0.91,YOLO,detection,756,drone,Mode 1,C:/Users/user/Desktop/python/project/project/assets/raw/video/video_002.mp4,2026-05-06T15:37:22,557,636,222,271
50,80,588,235,0.9175,YOLO,detection,757,drone,Mode 1,C:/Users/user/Desktop/python/project/project/assets/raw/video/video_002.mp4,2026-05-06T15:37:22,548,628,210,260
50,81,578,227,0.9138,YOLO,detection,758,drone,Mode 1,C:/Users/user/Desktop/python/project/project/assets/raw/video/video_002.mp4,2026-05-06T15:37:22,538,619,202,252
48,82,574,222,0.9228,YOLO,detection,759,drone,Mode 1,C:/Users/user/Desktop/python/project/project/assets/raw/video/video_002.mp4,2026-05-06T15:37:23,533,615,198,246
50,82,576,223,0.9255,YOLO,detection,760,drone,Mode 1,C:/Users/user/Desktop/python/project/project/assets/raw/video/video_002.mp4,2026-05-06T15:37:23,535,617,198,248
53,82,579,230,0.9231,YOLO,detection,761,drone,Mode 1,C:/Users/user/Desktop/python/project/project/assets/raw/video/video_002.mp4,2026-05-06T15:37:23,538,620,204,257
54,82,585,242,0.923,YOLO,detection,762,drone,Mode 1,C:/Users/user/Desktop/python/project/project/assets/raw/video/video_002.mp4,2026-05-06T15:37:23,544,626,215,269
54,87,591,248,0.9199,YOLO,detection,763,drone,Mode 1,C:/Users/user/Desktop/python/project/project/assets/raw/video/video_002.mp4,2026-05-06T15:37:23,548,635,221,275
56,86,596,250,0.9138,YOLO,detection,764,drone,Mode 1,C:/Users/user/Desktop/python/project/project/assets/raw/video/video_002.mp4,2026-05-06T15:37:23,553,639,222,278
57,82,599,248,0.9153,YOLO,detection,765,drone,Mode 1,C:/Users/user/Desktop/python/project/project/assets/raw/video/video_002.mp4,2026-05-06T15:37:23,558,640,220,277
55,72,603,243,0.8751,YOLO,detection,766,drone,Mode 1,C:/Users/user/Desktop/python/project/project/assets/raw/video/video_002.mp4,2026-05-06T15:37:23,567,639,216,271
57,66,606,239,0.8187,YOLO,detection,767,drone,Mode 1,C:/Users/user/Desktop/python/project/project/assets/raw/video/video_002.mp4,2026-05-06T15:37:23,573,639,211,268
56,47,615,248,0.8474,YOLO,detection,768,drone,Mode 1,C:/Users/user/Desktop/python/project/project/assets/raw/video/video_002.mp4,2026-05-06T15:37:23,592,639,220,276
52,32,624,259,0.779,YOLO,detection,769,drone,Mode 1,C:/Users/user/Desktop/python/project/project/assets/raw/video/video_002.mp4,2026-05-06T15:37:23,608,640,233,285
24,40,207,256,0.9179,YOLO,detection,770,drone,Mode 1,C:/Users/user/Desktop/python/project/project/assets/raw/video/video_002.mp4,2026-05-06T15:37:23,187,227,244,268
25,45,223,261,0.9056,YOLO,detection,771,drone,Mode 1,C:/Users/user/Desktop/python/project/project/assets/raw/video/video_002.mp4,2026-05-06T15:37:23,201,246,249,274
25,42,234,254,0.8934,YOLO,detection,772,drone,Mode 1,C:/Users/user/Desktop/python/project/project/assets/raw/video/video_002.mp4,2026-05-06T15:37:23,213,255,242,267
19,33,239,232,0.8086,YOLO,detection,773,drone,Mode 1,C:/Users/user/Desktop/python/project/project/assets/raw/video/video_002.mp4,2026-05-06T15:37:23,223,256,223,242
25,41,251,218,0.905,YOLO,detection,774,drone,Mode 1,C:/Users/user/Desktop/python/project/project/assets/raw/video/video_002.mp4,2026-05-06T15:37:23,231,272,206,231
24,44,265,215,0.906,YOLO,detection,775,drone,Mode 1,C:/Users/user/Desktop/python/project/project/assets/raw/video/video_002.mp4,2026-05-06T15:37:23,243,287,203,227
24,42,272,213,0.8999,YOLO,detection,776,drone,Mode 1,C:/Users/user/Desktop/python/project/project/assets/raw/video/video_002.mp4,2026-05-06T15:37:23,251,293,201,225
22,37,272,206,0.8901,YOLO,detection,777,drone,Mode 1,C:/Users/user/Desktop/python/project/project/assets/raw/video/video_002.mp4,2026-05-06T15:37:23,254,291,195,217
23,41,274,201,0.889,YOLO,detection,778,drone,Mode 1,C:/Users/user/Desktop/python/project/project/assets/raw/video/video_002.mp4,2026-05-06T15:37:23,254,295,190,213
24,42,275,205,0.8959,YOLO,detection,779,drone,Mode 1,C:/Users/user/Desktop/python/project/project/assets/raw/video/video_002.mp4,2026-05-06T15:37:23,254,296,193,217
24,39,274,212,0.8875,YOLO,detection,780,drone,Mode 1,C:/Users/user/Desktop/python/project/project/assets/raw/video/video_002.mp4,2026-05-06T15:37:24,255,294,200,224
25,42,273,215,0.9051,YOLO,detection,781,drone,Mode 1,C:/Users/user/Desktop/python/project/project/assets/raw/video/video_002.mp4,2026-05-06T15:37:24,252,294,203,228
26,43,269,218,0.9067,YOLO,detection,782,drone,Mode 1,C:/Users/user/Desktop/python/project/project/assets/raw/video/video_002.mp4,2026-05-06T15:37:24,248,291,205,231
25,44,266,220,0.8985,YOLO,detection,783,drone,Mode 1,C:/Users/user/Desktop/python/project/project/assets/raw/video/video_002.mp4,2026-05-06T15:37:24,244,288,208,233
24,40,264,224,0.9003,YOLO,detection,784,drone,Mode 1,C:/Users/user/Desktop/python/project/project/assets/raw/video/video_002.mp4,2026-05-06T15:37:24,244,284,212,236
23,40,267,227,0.8923,YOLO,detection,785,drone,Mode 1,C:/Users/user/Desktop/python/project/project/assets/raw/video/video_002.mp4,2026-05-06T15:37:24,247,287,216,239
22,39,266,228,0.8929,YOLO,detection,786,drone,Mode 1,C:/Users/user/Desktop/python/project/project/assets/raw/video/video_002.mp4,2026-05-06T15:37:24,247,286,217,239
24,42,267,229,0.9078,YOLO,detection,787,drone,Mode 1,C:/Users/user/Desktop/python/project/project/assets/raw/video/video_002.mp4,2026-05-06T15:37:24,246,288,217,241
24,43,262,230,0.9112,YOLO,detection,788,drone,Mode 1,C:/Users/user/Desktop/python/project/project/assets/raw/video/video_002.mp4,2026-05-06T15:37:24,241,284,218,242
23,41,258,229,0.9111,YOLO,detection,789,drone,Mode 1,C:/Users/user/Desktop/python/project/project/assets/raw/video/video_002.mp4,2026-05-06T15:37:24,238,279,218,241
24,41,263,231,0.9238,YOLO,detection,790,drone,Mode 1,C:/Users/user/Desktop/python/project/project/assets/raw/video/video_002.mp4,2026-05-06T15:37:24,243,284,219,243
23,39,264,238,0.9157,YOLO,detection,791,drone,Mode 1,C:/Users/user/Desktop/python/project/project/assets/raw/video/video_002.mp4,2026-05-06T15:37:24,245,284,227,250
22,39,268,245,0.8917,YOLO,detection,792,drone,Mode 1,C:/Users/user/Desktop/python/project/project/assets/raw/video/video_002.mp4,2026-05-06T15:37:24,249,288,234,256
23,40,273,248,0.92,YOLO,detection,793,drone,Mode 1,C:/Users/user/Desktop/python/project/project/assets/raw/video/video_002.mp4,2026-05-06T15:37:24,253,293,237,260
23,39,267,244,0.8938,YOLO,detection,794,drone,Mode 1,C:/Users/user/Desktop/python/project/project/assets/raw/video/video_002.mp4,2026-05-06T15:37:24,248,287,233,256
24,42,267,240,0.917,YOLO,detection,795,drone,Mode 1,C:/Users/user/Desktop/python/project/project/assets/raw/video/video_002.mp4,2026-05-06T15:37:24,246,288,228,252
23,39,267,244,0.9047,YOLO,detection,796,drone,Mode 1,C:/Users/user/Desktop/python/project/project/assets/raw/video/video_002.mp4,2026-05-06T15:37:24,248,287,233,256
26,44,263,250,0.9266,YOLO,detection,797,drone,Mode 1,C:/Users/user/Desktop/python/project/project/assets/raw/video/video_002.mp4,2026-05-06T15:37:24,241,285,237,263
27,45,261,251,0.9238,YOLO,detection,798,drone,Mode 1,C:/Users/user/Desktop/python/project/project/assets/raw/video/video_002.mp4,2026-05-06T15:37:24,239,284,238,265
26,44,258,259,0.9221,YOLO,detection,799,drone,Mode 1,C:/Users/user/Desktop/python/project/project/assets/raw/video/video_002.mp4,2026-05-06T15:37:24,236,280,246,272
27,46,250,264,0.9269,YOLO,detection,800,drone,Mode 1,C:/Users/user/Desktop/python/project/project/assets/raw/video/video_002.mp4,2026-05-06T15:37:24,227,273,251,278
28,47,244,269,0.9246,YOLO,detection,801,drone,Mode 1,C:/Users/user/Desktop/python/project/project/assets/raw/video/video_002.mp4,2026-05-06T15:37:25,221,268,255,283
28,48,245,273,0.9266,YOLO,detection,802,drone,Mode 1,C:/Users/user/Desktop/python/project/project/assets/raw/video/video_002.mp4,2026-05-06T15:37:25,221,269,259,287
27,47,248,275,0.9227,YOLO,detection,803,drone,Mode 1,C:/Users/user/Desktop/python/project/project/assets/raw/video/video_002.mp4,2026-05-06T15:37:25,225,272,262,289
26,46,253,276,0.9185,YOLO,detection,804,drone,Mode 1,C:/Users/user/Desktop/python/project/project/assets/raw/video/video_002.mp4,2026-05-06T15:37:25,230,276,263,289
27,45,259,278,0.9203,YOLO,detection,805,drone,Mode 1,C:/Users/user/Desktop/python/project/project/assets/raw/video/video_002.mp4,2026-05-06T15:37:25,237,282,265,292
27,46,263,282,0.9255,YOLO,detection,806,drone,Mode 1,C:/Users/user/Desktop/python/project/project/assets/raw/video/video_002.mp4,2026-05-06T15:37:25,240,286,269,296
27,47,261,283,0.9241,YOLO,detection,807,drone,Mode 1,C:/Users/user/Desktop/python/project/project/assets/raw/video/video_002.mp4,2026-05-06T15:37:25,238,285,270,297
27,46,261,282,0.9293,YOLO,detection,808,drone,Mode 1,C:/Users/user/Desktop/python/project/project/assets/raw/video/video_002.mp4,2026-05-06T15:37:25,238,284,269,296
26,45,260,281,0.9285,YOLO,detection,809,drone,Mode 1,C:/Users/user/Desktop/python/project/project/assets/raw/video/video_002.mp4,2026-05-06T15:37:25,238,283,268,294
27,46,263,280,0.9268,YOLO,detection,810,drone,Mode 1,C:/Users/user/Desktop/python/project/project/assets/raw/video/video_002.mp4,2026-05-06T15:37:25,240,286,267,294
26,44,268,280,0.9321,YOLO,detection,811,drone,Mode 1,C:/Users/user/Desktop/python/project/project/assets/raw/video/video_002.mp4,2026-05-06T15:37:25,246,290,267,293
26,45,269,278,0.9214,YOLO,detection,812,drone,Mode 1,C:/Users/user/Desktop/python/project/project/assets/raw/video/video_002.mp4,2026-05-06T15:37:25,247,292,265,291
26,46,270,276,0.9199,YOLO,detection,813,drone,Mode 1,C:/Users/user/Desktop/python/project/project/assets/raw/video/video_002.mp4,2026-05-06T15:37:25,247,293,263,289
26,45,269,275,0.9189,YOLO,detection,814,drone,Mode 1,C:/Users/user/Desktop/python/project/project/assets/raw/video/video_002.mp4,2026-05-06T15:37:25,247,292,262,288
26,44,268,275,0.9211,YOLO,detection,815,drone,Mode 1,C:/Users/user/Desktop/python/project/project/assets/raw/video/video_002.mp4,2026-05-06T15:37:25,246,290,262,288
26,44,266,276,0.9198,YOLO,detection,816,drone,Mode 1,C:/Users/user/Desktop/python/project/project/assets/raw/video/video_002.mp4,2026-05-06T15:37:25,244,288,263,289
27,48,262,274,0.9198,YOLO,detection,817,drone,Mode 1,C:/Users/user/Desktop/python/project/project/assets/raw/video/video_002.mp4,2026-05-06T15:37:25,238,286,261,288
27,45,260,271,0.9289,YOLO,detection,818,drone,Mode 1,C:/Users/user/Desktop/python/project/project/assets/raw/video/video_002.mp4,2026-05-06T15:37:25,238,283,258,285
27,46,260,271,0.9206,YOLO,detection,819,drone,Mode 1,C:/Users/user/Desktop/python/project/project/assets/raw/video/video_002.mp4,2026-05-06T15:37:25,237,283,258,285
27,46,258,272,0.9276,YOLO,detection,820,drone,Mode 1,C:/Users/user/Desktop/python/project/project/assets/raw/video/video_002.mp4,2026-05-06T15:37:25,235,281,259,286
26,45,256,274,0.9131,YOLO,detection,821,drone,Mode 1,C:/Users/user/Desktop/python/project/project/assets/raw/video/video_002.mp4,2026-05-06T15:37:25,234,279,261,287
26,44,258,279,0.9241,YOLO,detection,822,drone,Mode 1,C:/Users/user/Desktop/python/project/project/assets/raw/video/video_002.mp4,2026-05-06T15:37:26,236,280,266,292
26,47,259,283,0.9223,YOLO,detection,823,drone,Mode 1,C:/Users/user/Desktop/python/project/project/assets/raw/video/video_002.mp4,2026-05-06T15:37:26,236,283,270,296
27,47,260,286,0.9226,YOLO,detection,824,drone,Mode 1,C:/Users/user/Desktop/python/project/project/assets/raw/video/video_002.mp4,2026-05-06T15:37:26,237,284,273,300
26,47,259,290,0.9075,YOLO,detection,825,drone,Mode 1,C:/Users/user/Desktop/python/project/project/assets/raw/video/video_002.mp4,2026-05-06T15:37:26,236,283,277,303
26,47,259,294,0.922,YOLO,detection,826,drone,Mode 1,C:/Users/user/Desktop/python/project/project/assets/raw/video/video_002.mp4,2026-05-06T15:37:26,236,283,281,307
27,47,260,299,0.9173,YOLO,detection,827,drone,Mode 1,C:/Users/user/Desktop/python/project/project/assets/raw/video/video_002.mp4,2026-05-06T15:37:26,237,284,286,313
27,45,261,305,0.9165,YOLO,detection,828,drone,Mode 1,C:/Users/user/Desktop/python/project/project/assets/raw/video/video_002.mp4,2026-05-06T15:37:26,239,284,292,319
27,47,263,307,0.9153,YOLO,detection,829,drone,Mode 1,C:/Users/user/Desktop/python/project/project/assets/raw/video/video_002.mp4,2026-05-06T15:37:26,240,287,294,321
27,48,268,308,0.9156,YOLO,detection,830,drone,Mode 1,C:/Users/user/Desktop/python/project/project/assets/raw/video/video_002.mp4,2026-05-06T15:37:26,244,292,295,322
27,47,272,309,0.9198,YOLO,detection,831,drone,Mode 1,C:/Users/user/Desktop/python/project/project/assets/raw/video/video_002.mp4,2026-05-06T15:37:26,249,296,296,323
27,48,278,309,0.9064,YOLO,detection,832,drone,Mode 1,C:/Users/user/Desktop/python/project/project/assets/raw/video/video_002.mp4,2026-05-06T15:37:26,254,302,296,323
28,50,282,311,0.9112,YOLO,detection,833,drone,Mode 1,C:/Users/user/Desktop/python/project/project/assets/raw/video/video_002.mp4,2026-05-06T15:37:26,257,307,297,325
27,50,286,312,0.8968,YOLO,detection,834,drone,Mode 1,C:/Users/user/Desktop/python/project/project/assets/raw/video/video_002.mp4,2026-05-06T15:37:26,261,311,299,326
28,50,290,315,0.9116,YOLO,detection,835,drone,Mode 1,C:/Users/user/Desktop/python/project/project/assets/raw/video/video_002.mp4,2026-05-06T15:37:26,265,315,301,329
28,49,291,315,0.8957,YOLO,detection,836,drone,Mode 1,C:/Users/user/Desktop/python/project/project/assets/raw/video/video_002.mp4,2026-05-06T15:37:26,267,316,301,329
29,50,294,310,0.9136,YOLO,detection,837,drone,Mode 1,C:/Users/user/Desktop/python/project/project/assets/raw/video/video_002.mp4,2026-05-06T15:37:26,269,319,296,325
27,46,297,303,0.906,YOLO,detection,838,drone,Mode 1,C:/Users/user/Desktop/python/project/project/assets/raw/video/video_002.mp4,2026-05-06T15:37:26,274,320,290,317
26,44,300,296,0.8668,YOLO,detection,839,drone,Mode 1,C:/Users/user/Desktop/python/project/project/assets/raw/video/video_002.mp4,2026-05-06T15:37:26,278,322,283,309
24,38,303,293,0.8531,YOLO,detection,840,drone,Mode 1,C:/Users/user/Desktop/python/project/project/assets/raw/video/video_002.mp4,2026-05-06T15:37:26,284,322,281,305
22,36,307,291,0.8071,YOLO,detection,841,drone,Mode 1,C:/Users/user/Desktop/python/project/project/assets/raw/video/video_002.mp4,2026-05-06T15:37:26,289,325,280,302
14,20,175,103,0.6197,YOLO,detection,844,drone,Mode 1,C:/Users/user/Desktop/python/project/project/assets/raw/video/video_002.mp4,2026-05-06T15:37:27,165,185,96,110
17,43,293,279,0.5638,YOLO,detection,861,drone,Mode 1,C:/Users/user/Desktop/python/project/project/assets/raw/video/video_002.mp4,2026-05-06T15:37:27,272,315,271,288
15,44,291,284,0.7108,YOLO,detection,863,drone,Mode 1,C:/Users/user/Desktop/python/project/project/assets/raw/video/video_002.mp4,2026-05-06T15:37:27,269,313,277,292
13,39,287,285,0.4923,YOLO,detection,864,drone,Mode 1,C:/Users/user/Desktop/python/project/project/assets/raw/video/video_002.mp4,2026-05-06T15:37:27,268,307,279,292
13,40,286,284,0.5349,YOLO,detection,865,drone,Mode 1,C:/Users/user/Desktop/python/project/project/assets/raw/video/video_002.mp4,2026-05-06T15:37:28,266,306,278,291
15,40,290,284,0.5918,YOLO,detection,866,drone,Mode 1,C:/Users/user/Desktop/python/project/project/assets/raw/video/video_002.mp4,2026-05-06T15:37:28,270,310,277,292
15,42,290,285,0.8044,YOLO,detection,867,drone,Mode 1,C:/Users/user/Desktop/python/project/project/assets/raw/video/video_002.mp4,2026-05-06T15:37:28,269,311,278,293
14,42,290,287,0.7372,YOLO,detection,868,drone,Mode 1,C:/Users/user/Desktop/python/project/project/assets/raw/video/video_002.mp4,2026-05-06T15:37:28,269,311,280,294
11,40,290,287,0.7855,YOLO,detection,869,drone,Mode 1,C:/Users/user/Desktop/python/project/project/assets/raw/video/video_002.mp4,2026-05-06T15:37:28,270,310,282,293
13,43,290,287,0.8188,YOLO,detection,870,drone,Mode 1,C:/Users/user/Desktop/python/project/project/assets/raw/video/video_002.mp4,2026-05-06T15:37:28,269,312,281,294
13,42,288,289,0.8457,YOLO,detection,871,drone,Mode 1,C:/Users/user/Desktop/python/project/project/assets/raw/video/video_002.mp4,2026-05-06T15:37:28,267,309,283,296
13,41,286,289,0.8479,YOLO,detection,872,drone,Mode 1,C:/Users/user/Desktop/python/project/project/assets/raw/video/video_002.mp4,2026-05-06T15:37:28,266,307,283,296
13,37,283,287,0.7945,YOLO,detection,873,drone,Mode 1,C:/Users/user/Desktop/python/project/project/assets/raw/video/video_002.mp4,2026-05-06T15:37:28,265,302,281,294
14,37,279,285,0.8406,YOLO,detection,874,drone,Mode 1,C:/Users/user/Desktop/python/project/project/assets/raw/video/video_002.mp4,2026-05-06T15:37:28,261,298,278,292
11,35,278,283,0.8587,YOLO,detection,875,drone,Mode 1,C:/Users/user/Desktop/python/project/project/assets/raw/video/video_002.mp4,2026-05-06T15:37:28,261,296,278,289
15,33,278,277,0.8266,YOLO,detection,876,drone,Mode 1,C:/Users/user/Desktop/python/project/project/assets/raw/video/video_002.mp4,2026-05-06T15:37:28,262,295,270,285
16,32,278,276,0.8433,YOLO,detection,877,drone,Mode 1,C:/Users/user/Desktop/python/project/project/assets/raw/video/video_002.mp4,2026-05-06T15:37:28,262,294,268,284
16,31,276,274,0.8552,YOLO,detection,878,drone,Mode 1,C:/Users/user/Desktop/python/project/project/assets/raw/video/video_002.mp4,2026-05-06T15:37:28,261,292,266,282
18,34,274,270,0.8492,YOLO,detection,879,drone,Mode 1,C:/Users/user/Desktop/python/project/project/assets/raw/video/video_002.mp4,2026-05-06T15:37:28,257,291,261,279
17,33,273,269,0.8684,YOLO,detection,880,drone,Mode 1,C:/Users/user/Desktop/python/project/project/assets/raw/video/video_002.mp4,2026-05-06T15:37:28,257,290,261,278
18,32,272,270,0.8758,YOLO,detection,881,drone,Mode 1,C:/Users/user/Desktop/python/project/project/assets/raw/video/video_002.mp4,2026-05-06T15:37:28,256,288,261,279
18,32,272,270,0.8519,YOLO,detection,882,drone,Mode 1,C:/Users/user/Desktop/python/project/project/assets/raw/video/video_002.mp4,2026-05-06T15:37:28,256,288,261,279
17,31,272,271,0.8399,YOLO,detection,883,drone,Mode 1,C:/Users/user/Desktop/python/project/project/assets/raw/video/video_002.mp4,2026-05-06T15:37:28,257,288,263,280
17,31,272,274,0.8037,YOLO,detection,884,drone,Mode 1,C:/Users/user/Desktop/python/project/project/assets/raw/video/video_002.mp4,2026-05-06T15:37:28,257,288,266,283
16,30,275,274,0.8146,YOLO,detection,885,drone,Mode 1,C:/Users/user/Desktop/python/project/project/assets/raw/video/video_002.mp4,2026-05-06T15:37:28,260,290,266,282
17,32,277,275,0.3893,YOLO,detection,887,drone,Mode 1,C:/Users/user/Desktop/python/project/project/assets/raw/video/video_002.mp4,2026-05-06T15:37:29,261,293,267,284
13,28,299,286,0.7505,YOLO,detection,897,drone,Mode 1,C:/Users/user/Desktop/python/project/project/assets/raw/video/video_002.mp4,2026-05-06T15:37:29,285,313,280,293
14,27,302,288,0.8092,YOLO,detection,898,drone,Mode 1,C:/Users/user/Desktop/python/project/project/assets/raw/video/video_002.mp4,2026-05-06T15:37:29,289,316,281,295
16,28,304,287,0.7755,YOLO,detection,899,drone,Mode 1,C:/Users/user/Desktop/python/project/project/assets/raw/video/video_002.mp4,2026-05-06T15:37:29,290,318,279,295
15,31,304,288,0.5605,YOLO,detection,900,drone,Mode 1,C:/Users/user/Desktop/python/project/project/assets/raw/video/video_002.mp4,2026-05-06T15:37:29,289,320,281,296
14,25,307,289,0.7534,YOLO,detection,901,drone,Mode 1,C:/Users/user/Desktop/python/project/project/assets/raw/video/video_002.mp4,2026-05-06T15:37:29,295,320,282,296
14,25,308,289,0.7705,YOLO,detection,902,drone,Mode 1,C:/Users/user/Desktop/python/project/project/assets/raw/video/video_002.mp4,2026-05-06T15:37:29,296,321,282,296
13,24,308,289,0.6234,YOLO,detection,903,drone,Mode 1,C:/Users/user/Desktop/python/project/project/assets/raw/video/video_002.mp4,2026-05-06T15:37:29,296,320,283,296
16,26,309,292,0.6783,YOLO,detection,904,drone,Mode 1,C:/Users/user/Desktop/python/project/project/assets/raw/video/video_002.mp4,2026-05-06T15:37:29,296,322,284,300
14,25,309,292,0.6936,YOLO,detection,905,drone,Mode 1,C:/Users/user/Desktop/python/project/project/assets/raw/video/video_002.mp4,2026-05-06T15:37:29,297,322,285,299
12,22,311,293,0.4843,YOLO,detection,906,drone,Mode 1,C:/Users/user/Desktop/python/project/project/assets/raw/video/video_002.mp4,2026-05-06T15:37:29,300,322,287,299
38,128,518,460,0.7607,YOLO,detection,924,drone,Mode 1,C:/Users/user/Desktop/python/project/project/assets/raw/video/video_002.mp4,2026-05-06T15:37:30,454,582,441,479
32,125,525,463,0.7665,YOLO,detection,925,drone,Mode 1,C:/Users/user/Desktop/python/project/project/assets/raw/video/video_002.mp4,2026-05-06T15:37:30,463,588,447,479
29,127,528,465,0.7955,YOLO,detection,926,drone,Mode 1,C:/Users/user/Desktop/python/project/project/assets/raw/video/video_002.mp4,2026-05-06T15:37:30,465,592,451,480
26,123,537,466,0.7716,YOLO,detection,927,drone,Mode 1,C:/Users/user/Desktop/python/project/project/assets/raw/video/video_002.mp4,2026-05-06T15:37:30,476,599,453,479
25,125,540,467,0.7788,YOLO,detection,928,drone,Mode 1,C:/Users/user/Desktop/python/project/project/assets/raw/video/video_002.mp4,2026-05-06T15:37:30,478,603,455,480
18,83,548,470,0.5285,YOLO,detection,929,drone,Mode 1,C:/Users/user/Desktop/python/project/project/assets/raw/video/video_002.mp4,2026-05-06T15:37:31,507,590,461,479
18,35,301,316,0.8175,YOLO,detection,933,drone,Mode 1,C:/Users/user/Desktop/python/project/project/assets/raw/video/video_002.mp4,2026-05-06T15:37:31,284,319,307,325
19,37,298,317,0.81,YOLO,detection,934,drone,Mode 1,C:/Users/user/Desktop/python/project/project/assets/raw/video/video_002.mp4,2026-05-06T15:37:31,280,317,308,327
16,34,300,317,0.7962,YOLO,detection,935,drone,Mode 1,C:/Users/user/Desktop/python/project/project/assets/raw/video/video_002.mp4,2026-05-06T15:37:31,283,317,309,325
15,32,298,317,0.8054,YOLO,detection,936,drone,Mode 1,C:/Users/user/Desktop/python/project/project/assets/raw/video/video_002.mp4,2026-05-06T15:37:31,282,314,310,325
16,32,297,319,0.7582,YOLO,detection,937,drone,Mode 1,C:/Users/user/Desktop/python/project/project/assets/raw/video/video_002.mp4,2026-05-06T15:37:31,281,313,311,327
16,35,297,319,0.8248,YOLO,detection,938,drone,Mode 1,C:/Users/user/Desktop/python/project/project/assets/raw/video/video_002.mp4,2026-05-06T15:37:31,280,315,311,327
15,34,297,319,0.8161,YOLO,detection,939,drone,Mode 1,C:/Users/user/Desktop/python/project/project/assets/raw/video/video_002.mp4,2026-05-06T15:37:31,280,314,312,327
15,35,298,320,0.8467,YOLO,detection,940,drone,Mode 1,C:/Users/user/Desktop/python/project/project/assets/raw/video/video_002.mp4,2026-05-06T15:37:31,281,316,313,328
14,32,300,320,0.8301,YOLO,detection,941,drone,Mode 1,C:/Users/user/Desktop/python/project/project/assets/raw/video/video_002.mp4,2026-05-06T15:37:31,284,316,313,327
15,31,301,319,0.8197,YOLO,detection,942,drone,Mode 1,C:/Users/user/Desktop/python/project/project/assets/raw/video/video_002.mp4,2026-05-06T15:37:31,286,317,312,327
14,31,300,317,0.5171,YOLO,detection,943,drone,Mode 1,C:/Users/user/Desktop/python/project/project/assets/raw/video/video_002.mp4,2026-05-06T15:37:31,285,316,310,324
15,31,302,312,0.4446,YOLO,detection,944,drone,Mode 1,C:/Users/user/Desktop/python/project/project/assets/raw/video/video_002.mp4,2026-05-06T15:37:31,287,318,305,320
16,34,300,309,0.7396,YOLO,detection,946,drone,Mode 1,C:/Users/user/Desktop/python/project/project/assets/raw/video/video_002.mp4,2026-05-06T15:37:31,283,317,301,317
15,35,298,308,0.7381,YOLO,detection,947,drone,Mode 1,C:/Users/user/Desktop/python/project/project/assets/raw/video/video_002.mp4,2026-05-06T15:37:31,281,316,301,316
15,33,296,309,0.5435,YOLO,detection,949,drone,Mode 1,C:/Users/user/Desktop/python/project/project/assets/raw/video/video_002.mp4,2026-05-06T15:37:31,280,313,302,317
25,46,295,298,0.7203,YOLO,detection,958,drone,Mode 1,C:/Users/user/Desktop/python/project/project/assets/raw/video/video_002.mp4,2026-05-06T15:37:32,272,318,286,311
26,42,298,297,0.8866,YOLO,detection,959,drone,Mode 1,C:/Users/user/Desktop/python/project/project/assets/raw/video/video_002.mp4,2026-05-06T15:37:32,277,319,284,310
27,41,298,293,0.8836,YOLO,detection,960,drone,Mode 1,C:/Users/user/Desktop/python/project/project/assets/raw/video/video_002.mp4,2026-05-06T15:37:32,278,319,280,307
26,41,300,291,0.7991,YOLO,detection,961,drone,Mode 1,C:/Users/user/Desktop/python/project/project/assets/raw/video/video_002.mp4,2026-05-06T15:37:32,280,321,278,304
28,43,302,291,0.7092,YOLO,detection,964,drone,Mode 1,C:/Users/user/Desktop/python/project/project/assets/raw/video/video_002.mp4,2026-05-06T15:37:32,281,324,277,305
29,45,303,291,0.8576,YOLO,detection,965,drone,Mode 1,C:/Users/user/Desktop/python/project/project/assets/raw/video/video_002.mp4,2026-05-06T15:37:32,281,326,277,306
27,46,304,296,0.8986,YOLO,detection,966,drone,Mode 1,C:/Users/user/Desktop/python/project/project/assets/raw/video/video_002.mp4,2026-05-06T15:37:32,281,327,283,310
26,45,304,302,0.8918,YOLO,detection,967,drone,Mode 1,C:/Users/user/Desktop/python/project/project/assets/raw/video/video_002.mp4,2026-05-06T15:37:32,282,327,289,315
27,44,304,305,0.7961,YOLO,detection,968,drone,Mode 1,C:/Users/user/Desktop/python/project/project/assets/raw/video/video_002.mp4,2026-05-06T15:37:32,282,326,292,319
27,47,305,308,0.9113,YOLO,detection,969,drone,Mode 1,C:/Users/user/Desktop/python/project/project/assets/raw/video/video_002.mp4,2026-05-06T15:37:32,282,329,295,322
27,44,304,311,0.9196,YOLO,detection,970,drone,Mode 1,C:/Users/user/Desktop/python/project/project/assets/raw/video/video_002.mp4,2026-05-06T15:37:32,282,326,298,325
28,47,303,313,0.92,YOLO,detection,971,drone,Mode 1,C:/Users/user/Desktop/python/project/project/assets/raw/video/video_002.mp4,2026-05-06T15:37:32,280,327,299,327
27,46,304,314,0.9198,YOLO,detection,972,drone,Mode 1,C:/Users/user/Desktop/python/project/project/assets/raw/video/video_002.mp4,2026-05-06T15:37:33,281,327,301,328
28,43,304,315,0.899,YOLO,detection,973,drone,Mode 1,C:/Users/user/Desktop/python/project/project/assets/raw/video/video_002.mp4,2026-05-06T15:37:33,283,326,301,329
30,45,306,315,0.8065,YOLO,detection,974,drone,Mode 1,C:/Users/user/Desktop/python/project/project/assets/raw/video/video_002.mp4,2026-05-06T15:37:33,284,329,300,330
30,48,308,314,0.7696,YOLO,detection,975,drone,Mode 1,C:/Users/user/Desktop/python/project/project/assets/raw/video/video_002.mp4,2026-05-06T15:37:33,284,332,299,329
32,51,309,311,0.8714,YOLO,detection,976,drone,Mode 1,C:/Users/user/Desktop/python/project/project/assets/raw/video/video_002.mp4,2026-05-06T15:37:33,284,335,295,327
32,46,310,307,0.8318,YOLO,detection,977,drone,Mode 1,C:/Users/user/Desktop/python/project/project/assets/raw/video/video_002.mp4,2026-05-06T15:37:33,287,333,291,323
34,47,312,303,0.8712,YOLO,detection,978,drone,Mode 1,C:/Users/user/Desktop/python/project/project/assets/raw/video/video_002.mp4,2026-05-06T15:37:33,289,336,286,320
34,50,317,299,0.8543,YOLO,detection,979,drone,Mode 1,C:/Users/user/Desktop/python/project/project/assets/raw/video/video_002.mp4,2026-05-06T15:37:33,292,342,282,316
35,50,320,295,0.6347,YOLO,detection,980,drone,Mode 1,C:/Users/user/Desktop/python/project/project/assets/raw/video/video_002.mp4,2026-05-06T15:37:33,295,345,278,313
34,50,324,293,0.8342,YOLO,detection,981,drone,Mode 1,C:/Users/user/Desktop/python/project/project/assets/raw/video/video_002.mp4,2026-05-06T15:37:33,299,349,276,310
34,50,327,291,0.8922,YOLO,detection,982,drone,Mode 1,C:/Users/user/Desktop/python/project/project/assets/raw/video/video_002.mp4,2026-05-06T15:37:33,302,352,274,308
33,49,329,290,0.8699,YOLO,detection,983,drone,Mode 1,C:/Users/user/Desktop/python/project/project/assets/raw/video/video_002.mp4,2026-05-06T15:37:33,305,354,274,307
33,50,332,289,0.6636,YOLO,detection,984,drone,Mode 1,C:/Users/user/Desktop/python/project/project/assets/raw/video/video_002.mp4,2026-05-06T15:37:33,307,357,273,306
32,50,335,288,0.8997,YOLO,detection,985,drone,Mode 1,C:/Users/user/Desktop/python/project/project/assets/raw/video/video_002.mp4,2026-05-06T15:37:33,310,360,272,304
32,50,335,289,0.9101,YOLO,detection,986,drone,Mode 1,C:/Users/user/Desktop/python/project/project/assets/raw/video/video_002.mp4,2026-05-06T15:37:33,310,360,273,305
33,48,338,293,0.9191,YOLO,detection,987,drone,Mode 1,C:/Users/user/Desktop/python/project/project/assets/raw/video/video_002.mp4,2026-05-06T15:37:33,314,362,277,310
32,48,342,297,0.9204,YOLO,detection,988,drone,Mode 1,C:/Users/user/Desktop/python/project/project/assets/raw/video/video_002.mp4,2026-05-06T15:37:33,318,366,281,313
32,47,345,301,0.9299,YOLO,detection,989,drone,Mode 1,C:/Users/user/Desktop/python/project/project/assets/raw/video/video_002.mp4,2026-05-06T15:37:33,322,369,285,317
33,48,348,302,0.928,YOLO,detection,990,drone,Mode 1,C:/Users/user/Desktop/python/project/project/assets/raw/video/video_002.mp4,2026-05-06T15:37:33,324,372,286,319
33,48,348,305,0.9295,YOLO,detection,991,drone,Mode 1,C:/Users/user/Desktop/python/project/project/assets/raw/video/video_002.mp4,2026-05-06T15:37:33,324,372,289,322
33,48,348,307,0.9323,YOLO,detection,992,drone,Mode 1,C:/Users/user/Desktop/python/project/project/assets/raw/video/video_002.mp4,2026-05-06T15:37:33,324,372,291,324
33,49,348,307,0.9326,YOLO,detection,993,drone,Mode 1,C:/Users/user/Desktop/python/project/project/assets/raw/video/video_002.mp4,2026-05-06T15:37:34,324,373,291,324
33,48,348,305,0.9327,YOLO,detection,994,drone,Mode 1,C:/Users/user/Desktop/python/project/project/assets/raw/video/video_002.mp4,2026-05-06T15:37:34,324,372,289,322
34,47,347,304,0.9321,YOLO,detection,995,drone,Mode 1,C:/Users/user/Desktop/python/project/project/assets/raw/video/video_002.mp4,2026-05-06T15:37:34,324,371,287,321
35,47,346,304,0.9338,YOLO,detection,996,drone,Mode 1,C:/Users/user/Desktop/python/project/project/assets/raw/video/video_002.mp4,2026-05-06T15:37:34,323,370,287,322
37,49,347,304,0.9346,YOLO,detection,997,drone,Mode 1,C:/Users/user/Desktop/python/project/project/assets/raw/video/video_002.mp4,2026-05-06T15:37:34,323,372,286,323
35,48,348,303,0.9346,YOLO,detection,998,drone,Mode 1,C:/Users/user/Desktop/python/project/project/assets/raw/video/video_002.mp4,2026-05-06T15:37:34,324,372,286,321
36,49,348,303,0.9293,YOLO,detection,999,drone,Mode 1,C:/Users/user/Desktop/python/project/project/assets/raw/video/video_002.mp4,2026-05-06T15:37:34,324,373,285,321
37,49,350,304,0.9343,YOLO,detection,1000,drone,Mode 1,C:/Users/user/Desktop/python/project/project/assets/raw/video/video_002.mp4,2026-05-06T15:37:34,326,375,286,323
37,49,351,306,0.9312,YOLO,detection,1001,drone,Mode 1,C:/Users/user/Desktop/python/project/project/assets/raw/video/video_002.mp4,2026-05-06T15:37:34,327,376,288,325
38,50,353,307,0.931,YOLO,detection,1002,drone,Mode 1,C:/Users/user/Desktop/python/project/project/assets/raw/video/video_002.mp4,2026-05-06T15:37:34,328,378,288,326
37,49,353,307,0.931,YOLO,detection,1003,drone,Mode 1,C:/Users/user/Desktop/python/project/project/assets/raw/video/video_002.mp4,2026-05-06T15:37:34,329,378,289,326
37,48,355,307,0.9269,YOLO,detection,1004,drone,Mode 1,C:/Users/user/Desktop/python/project/project/assets/raw/video/video_002.mp4,2026-05-06T15:37:34,331,379,289,326
36,47,356,308,0.9256,YOLO,detection,1005,drone,Mode 1,C:/Users/user/Desktop/python/project/project/assets/raw/video/video_002.mp4,2026-05-06T15:37:34,333,380,290,326
36,48,356,308,0.9274,YOLO,detection,1006,drone,Mode 1,C:/Users/user/Desktop/python/project/project/assets/raw/video/video_002.mp4,2026-05-06T15:37:34,332,380,290,326
36,48,354,308,0.9242,YOLO,detection,1007,drone,Mode 1,C:/Users/user/Desktop/python/project/project/assets/raw/video/video_002.mp4,2026-05-06T15:37:34,330,378,290,326
37,49,357,311,0.9313,YOLO,detection,1008,drone,Mode 1,C:/Users/user/Desktop/python/project/project/assets/raw/video/video_002.mp4,2026-05-06T15:37:34,333,382,293,330
37,48,362,315,0.9261,YOLO,detection,1009,drone,Mode 1,C:/Users/user/Desktop/python/project/project/assets/raw/video/video_002.mp4,2026-05-06T15:37:34,338,386,297,334
36,48,365,323,0.9275,YOLO,detection,1010,drone,Mode 1,C:/Users/user/Desktop/python/project/project/assets/raw/video/video_002.mp4,2026-05-06T15:37:34,341,389,305,341
36,48,367,330,0.9269,YOLO,detection,1011,drone,Mode 1,C:/Users/user/Desktop/python/project/project/assets/raw/video/video_002.mp4,2026-05-06T15:37:34,343,391,312,348
37,48,367,334,0.9264,YOLO,detection,1012,drone,Mode 1,C:/Users/user/Desktop/python/project/project/assets/raw/video/video_002.mp4,2026-05-06T15:37:34,343,391,316,353
37,48,367,334,0.9246,YOLO,detection,1013,drone,Mode 1,C:/Users/user/Desktop/python/project/project/assets/raw/video/video_002.mp4,2026-05-06T15:37:34,343,391,316,353
38,48,367,335,0.9206,YOLO,detection,1014,drone,Mode 1,C:/Users/user/Desktop/python/project/project/assets/raw/video/video_002.mp4,2026-05-06T15:37:35,343,391,316,354
37,49,365,338,0.9204,YOLO,detection,1015,drone,Mode 1,C:/Users/user/Desktop/python/project/project/assets/raw/video/video_002.mp4,2026-05-06T15:37:35,341,390,320,357
37,48,363,342,0.9227,YOLO,detection,1016,drone,Mode 1,C:/Users/user/Desktop/python/project/project/assets/raw/video/video_002.mp4,2026-05-06T15:37:35,339,387,324,361
37,47,361,342,0.9155,YOLO,detection,1017,drone,Mode 1,C:/Users/user/Desktop/python/project/project/assets/raw/video/video_002.mp4,2026-05-06T15:37:35,338,385,324,361
38,50,363,343,0.9151,YOLO,detection,1018,drone,Mode 1,C:/Users/user/Desktop/python/project/project/assets/raw/video/video_002.mp4,2026-05-06T15:37:35,338,388,324,362
38,50,366,343,0.9093,YOLO,detection,1019,drone,Mode 1,C:/Users/user/Desktop/python/project/project/assets/raw/video/video_002.mp4,2026-05-06T15:37:35,341,391,324,362
38,50,367,343,0.9089,YOLO,detection,1020,drone,Mode 1,C:/Users/user/Desktop/python/project/project/assets/raw/video/video_002.mp4,2026-05-06T15:37:35,342,392,324,362
37,48,367,340,0.9138,YOLO,detection,1021,drone,Mode 1,C:/Users/user/Desktop/python/project/project/assets/raw/video/video_002.mp4,2026-05-06T15:37:35,343,391,322,359
37,49,365,339,0.9167,YOLO,detection,1022,drone,Mode 1,C:/Users/user/Desktop/python/project/project/assets/raw/video/video_002.mp4,2026-05-06T15:37:35,341,390,321,358
38,48,365,340,0.9188,YOLO,detection,1023,drone,Mode 1,C:/Users/user/Desktop/python/project/project/assets/raw/video/video_002.mp4,2026-05-06T15:37:35,341,389,321,359
37,47,363,338,0.9215,YOLO,detection,1024,drone,Mode 1,C:/Users/user/Desktop/python/project/project/assets/raw/video/video_002.mp4,2026-05-06T15:37:35,340,387,320,357
37,46,364,337,0.9246,YOLO,detection,1025,drone,Mode 1,C:/Users/user/Desktop/python/project/project/assets/raw/video/video_002.mp4,2026-05-06T15:37:35,341,387,319,356
38,46,364,337,0.9236,YOLO,detection,1026,drone,Mode 1,C:/Users/user/Desktop/python/project/project/assets/raw/video/video_002.mp4,2026-05-06T15:37:35,341,387,318,356
37,46,364,338,0.9207,YOLO,detection,1027,drone,Mode 1,C:/Users/user/Desktop/python/project/project/assets/raw/video/video_002.mp4,2026-05-06T15:37:35,341,387,320,357
36,46,364,340,0.9213,YOLO,detection,1028,drone,Mode 1,C:/Users/user/Desktop/python/project/project/assets/raw/video/video_002.mp4,2026-05-06T15:37:35,341,387,322,358
37,46,366,338,0.9266,YOLO,detection,1029,drone,Mode 1,C:/Users/user/Desktop/python/project/project/assets/raw/video/video_002.mp4,2026-05-06T15:37:35,343,389,320,357
38,46,368,334,0.9254,YOLO,detection,1030,drone,Mode 1,C:/Users/user/Desktop/python/project/project/assets/raw/video/video_002.mp4,2026-05-06T15:37:35,345,391,315,353
36,46,371,331,0.9242,YOLO,detection,1031,drone,Mode 1,C:/Users/user/Desktop/python/project/project/assets/raw/video/video_002.mp4,2026-05-06T15:37:35,348,394,313,349
35,45,374,327,0.9182,YOLO,detection,1032,drone,Mode 1,C:/Users/user/Desktop/python/project/project/assets/raw/video/video_002.mp4,2026-05-06T15:37:35,352,397,310,345
32,45,376,325,0.907,YOLO,detection,1033,drone,Mode 1,C:/Users/user/Desktop/python/project/project/assets/raw/video/video_002.mp4,2026-05-06T15:37:35,354,399,309,341
32,44,379,323,0.9159,YOLO,detection,1034,drone,Mode 1,C:/Users/user/Desktop/python/project/project/assets/raw/video/video_002.mp4,2026-05-06T15:37:35,357,401,307,339
32,44,381,323,0.9147,YOLO,detection,1035,drone,Mode 1,C:/Users/user/Desktop/python/project/project/assets/raw/video/video_002.mp4,2026-05-06T15:37:35,359,403,307,339
33,45,383,321,0.9073,YOLO,detection,1036,drone,Mode 1,C:/Users/user/Desktop/python/project/project/assets/raw/video/video_002.mp4,2026-05-06T15:37:36,361,406,305,338
32,46,385,318,0.908,YOLO,detection,1037,drone,Mode 1,C:/Users/user/Desktop/python/project/project/assets/raw/video/video_002.mp4,2026-05-06T15:37:36,362,408,302,334
32,44,388,315,0.9132,YOLO,detection,1038,drone,Mode 1,C:/Users/user/Desktop/python/project/project/assets/raw/video/video_002.mp4,2026-05-06T15:37:36,366,410,299,331
33,45,391,310,0.9147,YOLO,detection,1039,drone,Mode 1,C:/Users/user/Desktop/python/project/project/assets/raw/video/video_002.mp4,2026-05-06T15:37:36,369,414,294,327
33,46,394,305,0.9204,YOLO,detection,1040,drone,Mode 1,C:/Users/user/Desktop/python/project/project/assets/raw/video/video_002.mp4,2026-05-06T15:37:36,371,417,289,322
34,47,397,300,0.9251,YOLO,detection,1041,drone,Mode 1,C:/Users/user/Desktop/python/project/project/assets/raw/video/video_002.mp4,2026-05-06T15:37:36,374,421,283,317
34,47,399,295,0.9289,YOLO,detection,1042,drone,Mode 1,C:/Users/user/Desktop/python/project/project/assets/raw/video/video_002.mp4,2026-05-06T15:37:36,376,423,278,312
34,48,403,289,0.9319,YOLO,detection,1043,drone,Mode 1,C:/Users/user/Desktop/python/project/project/assets/raw/video/video_002.mp4,2026-05-06T15:37:36,379,427,272,306
33,49,408,282,0.9311,YOLO,detection,1044,drone,Mode 1,C:/Users/user/Desktop/python/project/project/assets/raw/video/video_002.mp4,2026-05-06T15:37:36,384,433,266,299
32,49,410,274,0.9354,YOLO,detection,1045,drone,Mode 1,C:/Users/user/Desktop/python/project/project/assets/raw/video/video_002.mp4,2026-05-06T15:37:36,386,435,258,290
32,49,410,263,0.9376,YOLO,detection,1046,drone,Mode 1,C:/Users/user/Desktop/python/project/project/assets/raw/video/video_002.mp4,2026-05-06T15:37:36,386,435,247,279
30,48,413,253,0.9191,YOLO,detection,1047,drone,Mode 1,C:/Users/user/Desktop/python/project/project/assets/raw/video/video_002.mp4,2026-05-06T15:37:36,389,437,238,268
32,50,416,242,0.9027,YOLO,detection,1048,drone,Mode 1,C:/Users/user/Desktop/python/project/project/assets/raw/video/video_002.mp4,2026-05-06T15:37:36,391,441,226,258
30,51,418,226,0.9143,YOLO,detection,1049,drone,Mode 1,C:/Users/user/Desktop/python/project/project/assets/raw/video/video_002.mp4,2026-05-06T15:37:36,393,444,211,241
35,51,419,210,0.9319,YOLO,detection,1050,drone,Mode 1,C:/Users/user/Desktop/python/project/project/assets/raw/video/video_002.mp4,2026-05-06T15:37:36,394,445,193,228
33,49,418,194,0.9354,YOLO,detection,1051,drone,Mode 1,C:/Users/user/Desktop/python/project/project/assets/raw/video/video_002.mp4,2026-05-06T15:37:36,394,443,178,211
31,49,420,180,0.9306,YOLO,detection,1052,drone,Mode 1,C:/Users/user/Desktop/python/project/project/assets/raw/video/video_002.mp4,2026-05-06T15:37:36,396,445,165,196
31,50,422,168,0.9289,YOLO,detection,1053,drone,Mode 1,C:/Users/user/Desktop/python/project/project/assets/raw/video/video_002.mp4,2026-05-06T15:37:36,397,447,153,184
31,54,419,162,0.9291,YOLO,detection,1054,drone,Mode 1,C:/Users/user/Desktop/python/project/project/assets/raw/video/video_002.mp4,2026-05-06T15:37:36,392,446,147,178
30,48,412,168,0.9232,YOLO,detection,1055,drone,Mode 1,C:/Users/user/Desktop/python/project/project/assets/raw/video/video_002.mp4,2026-05-06T15:37:36,388,436,153,183
26,46,404,181,0.9185,YOLO,detection,1056,drone,Mode 1,C:/Users/user/Desktop/python/project/project/assets/raw/video/video_002.mp4,2026-05-06T15:37:36,381,427,168,194
26,44,392,198,0.9223,YOLO,detection,1057,drone,Mode 1,C:/Users/user/Desktop/python/project/project/assets/raw/video/video_002.mp4,2026-05-06T15:37:37,370,414,185,211
28,46,374,261,0.9332,YOLO,detection,1059,drone,Mode 1,C:/Users/user/Desktop/python/project/project/assets/raw/video/video_002.mp4,2026-05-06T15:37:37,351,397,247,275
32,47,360,307,0.9398,YOLO,detection,1060,drone,Mode 1,C:/Users/user/Desktop/python/project/project/assets/raw/video/video_002.mp4,2026-05-06T15:37:37,337,384,291,323
35,47,344,362,0.9085,YOLO,detection,1061,drone,Mode 1,C:/Users/user/Desktop/python/project/project/assets/raw/video/video_002.mp4,2026-05-06T15:37:37,321,368,345,380
34,50,329,419,0.8864,YOLO,detection,1063,drone,Mode 1,C:/Users/user/Desktop/python/project/project/assets/raw/video/video_002.mp4,2026-05-06T15:37:37,304,354,402,436
33,46,298,400,0.9216,YOLO,detection,1066,drone,Mode 1,C:/Users/user/Desktop/python/project/project/assets/raw/video/video_002.mp4,2026-05-06T15:37:37,275,321,384,417
34,48,294,367,0.9151,YOLO,detection,1067,drone,Mode 1,C:/Users/user/Desktop/python/project/project/assets/raw/video/video_002.mp4,2026-05-06T15:37:37,270,318,350,384
35,45,297,335,0.9149,YOLO,detection,1068,drone,Mode 1,C:/Users/user/Desktop/python/project/project/assets/raw/video/video_002.mp4,2026-05-06T15:37:37,275,320,318,353
36,33,337,341,0.5813,YOLO,detection,1071,drone,Mode 1,C:/Users/user/Desktop/python/project/project/assets/raw/video/video_002.mp4,2026-05-06T15:37:37,321,354,323,359
29,40,343,273,0.8805,YOLO,detection,1077,drone,Mode 1,C:/Users/user/Desktop/python/project/project/assets/raw/video/video_002.mp4,2026-05-06T15:37:37,323,363,259,288
12,18,79,458,0.7291,YOLO,detection,1078,drone,Mode 1,C:/Users/user/Desktop/python/project/project/assets/raw/video/video_002.mp4,2026-05-06T15:37:37,70,88,452,464
34,48,468,213,0.9112,YOLO,detection,1079,drone,Mode 1,C:/Users/user/Desktop/python/project/project/assets/raw/video/video_002.mp4,2026-05-06T15:37:38,444,492,196,230
31,51,495,222,0.8907,YOLO,detection,1080,drone,Mode 1,C:/Users/user/Desktop/python/project/project/assets/raw/video/video_002.mp4,2026-05-06T15:37:38,470,521,207,238
38,49,434,268,0.9232,YOLO,detection,1081,drone,Mode 1,C:/Users/user/Desktop/python/project/project/assets/raw/video/video_002.mp4,2026-05-06T15:37:38,410,459,249,287
36,48,350,326,0.903,YOLO,detection,1082,drone,Mode 1,C:/Users/user/Desktop/python/project/project/assets/raw/video/video_002.mp4,2026-05-06T15:37:38,326,374,308,344
34,47,249,366,0.905,YOLO,detection,1083,drone,Mode 1,C:/Users/user/Desktop/python/project/project/assets/raw/video/video_002.mp4,2026-05-06T15:37:38,226,273,349,383
34,48,169,373,0.9165,YOLO,detection,1084,drone,Mode 1,C:/Users/user/Desktop/python/project/project/assets/raw/video/video_002.mp4,2026-05-06T15:37:38,145,193,356,390
32,47,200,352,0.9142,YOLO,detection,1085,drone,Mode 1,C:/Users/user/Desktop/python/project/project/assets/raw/video/video_002.mp4,2026-05-06T15:37:38,177,224,336,368
31,45,293,324,0.9008,YOLO,detection,1086,drone,Mode 1,C:/Users/user/Desktop/python/project/project/assets/raw/video/video_002.mp4,2026-05-06T15:37:38,271,316,309,340
36,51,280,361,0.9168,YOLO,detection,1088,drone,Mode 1,C:/Users/user/Desktop/python/project/project/assets/raw/video/video_002.mp4,2026-05-06T15:37:38,255,306,343,379
35,54,237,378,0.9247,YOLO,detection,1089,drone,Mode 1,C:/Users/user/Desktop/python/project/project/assets/raw/video/video_002.mp4,2026-05-06T15:37:38,210,264,361,396
34,56,213,383,0.9247,YOLO,detection,1090,drone,Mode 1,C:/Users/user/Desktop/python/project/project/assets/raw/video/video_002.mp4,2026-05-06T15:37:38,185,241,366,400
33,50,222,369,0.926,YOLO,detection,1091,drone,Mode 1,C:/Users/user/Desktop/python/project/project/assets/raw/video/video_002.mp4,2026-05-06T15:37:38,197,247,353,386
33,52,240,354,0.9254,YOLO,detection,1092,drone,Mode 1,C:/Users/user/Desktop/python/project/project/assets/raw/video/video_002.mp4,2026-05-06T15:37:38,214,266,338,371
34,51,239,352,0.9222,YOLO,detection,1093,drone,Mode 1,C:/Users/user/Desktop/python/project/project/assets/raw/video/video_002.mp4,2026-05-06T15:37:38,214,265,335,369
35,50,232,354,0.9212,YOLO,detection,1094,drone,Mode 1,C:/Users/user/Desktop/python/project/project/assets/raw/video/video_002.mp4,2026-05-06T15:37:38,207,257,337,372
32,48,236,353,0.9186,YOLO,detection,1095,drone,Mode 1,C:/Users/user/Desktop/python/project/project/assets/raw/video/video_002.mp4,2026-05-06T15:37:38,212,260,337,369
32,49,242,345,0.9195,YOLO,detection,1096,drone,Mode 1,C:/Users/user/Desktop/python/project/project/assets/raw/video/video_002.mp4,2026-05-06T15:37:38,218,267,329,361
31,48,246,335,0.9192,YOLO,detection,1097,drone,Mode 1,C:/Users/user/Desktop/python/project/project/assets/raw/video/video_002.mp4,2026-05-06T15:37:38,222,270,320,351
32,47,251,325,0.9224,YOLO,detection,1098,drone,Mode 1,C:/Users/user/Desktop/python/project/project/assets/raw/video/video_002.mp4,2026-05-06T15:37:38,228,275,309,341
32,47,261,312,0.9153,YOLO,detection,1099,drone,Mode 1,C:/Users/user/Desktop/python/project/project/assets/raw/video/video_002.mp4,2026-05-06T15:37:38,238,285,296,328
32,47,265,301,0.9224,YOLO,detection,1100,drone,Mode 1,C:/Users/user/Desktop/python/project/project/assets/raw/video/video_002.mp4,2026-05-06T15:37:39,242,289,285,317
34,49,266,294,0.9185,YOLO,detection,1101,drone,Mode 1,C:/Users/user/Desktop/python/project/project/assets/raw/video/video_002.mp4,2026-05-06T15:37:39,242,291,277,311
35,50,274,285,0.9182,YOLO,detection,1102,drone,Mode 1,C:/Users/user/Desktop/python/project/project/assets/raw/video/video_002.mp4,2026-05-06T15:37:39,249,299,268,303
35,47,280,278,0.9203,YOLO,detection,1103,drone,Mode 1,C:/Users/user/Desktop/python/project/project/assets/raw/video/video_002.mp4,2026-05-06T15:37:39,257,304,261,296
34,46,285,277,0.9107,YOLO,detection,1104,drone,Mode 1,C:/Users/user/Desktop/python/project/project/assets/raw/video/video_002.mp4,2026-05-06T15:37:39,262,308,260,294
36,48,294,274,0.871,YOLO,detection,1105,drone,Mode 1,C:/Users/user/Desktop/python/project/project/assets/raw/video/video_002.mp4,2026-05-06T15:37:39,270,318,256,292
35,45,296,272,0.8811,YOLO,detection,1106,drone,Mode 1,C:/Users/user/Desktop/python/project/project/assets/raw/video/video_002.mp4,2026-05-06T15:37:39,274,319,255,290
35,44,297,273,0.8963,YOLO,detection,1107,drone,Mode 1,C:/Users/user/Desktop/python/project/project/assets/raw/video/video_002.mp4,2026-05-06T15:37:39,275,319,256,291
33,43,297,275,0.8919,YOLO,detection,1108,drone,Mode 1,C:/Users/user/Desktop/python/project/project/assets/raw/video/video_002.mp4,2026-05-06T15:37:39,276,319,259,292
33,42,299,276,0.8849,YOLO,detection,1109,drone,Mode 1,C:/Users/user/Desktop/python/project/project/assets/raw/video/video_002.mp4,2026-05-06T15:37:39,278,320,260,293
32,41,299,276,0.8783,YOLO,detection,1110,drone,Mode 1,C:/Users/user/Desktop/python/project/project/assets/raw/video/video_002.mp4,2026-05-06T15:37:39,279,320,260,292
34,40,300,275,0.8553,YOLO,detection,1111,drone,Mode 1,C:/Users/user/Desktop/python/project/project/assets/raw/video/video_002.mp4,2026-05-06T15:37:39,280,320,258,292
35,40,301,274,0.7647,YOLO,detection,1112,drone,Mode 1,C:/Users/user/Desktop/python/project/project/assets/raw/video/video_002.mp4,2026-05-06T15:37:39,281,321,257,292
33,40,301,274,0.6844,YOLO,detection,1113,drone,Mode 1,C:/Users/user/Desktop/python/project/project/assets/raw/video/video_002.mp4,2026-05-06T15:37:39,281,321,258,291
36,39,300,272,0.7273,YOLO,detection,1114,drone,Mode 1,C:/Users/user/Desktop/python/project/project/assets/raw/video/video_002.mp4,2026-05-06T15:37:39,281,320,254,290
37,38,301,269,0.745,YOLO,detection,1115,drone,Mode 1,C:/Users/user/Desktop/python/project/project/assets/raw/video/video_002.mp4,2026-05-06T15:37:39,282,320,251,288
38,41,302,270,0.6205,YOLO,detection,1116,drone,Mode 1,C:/Users/user/Desktop/python/project/project/assets/raw/video/video_002.mp4,2026-05-06T15:37:39,282,323,251,289
39,41,302,269,0.8255,YOLO,detection,1117,drone,Mode 1,C:/Users/user/Desktop/python/project/project/assets/raw/video/video_002.mp4,2026-05-06T15:37:39,282,323,250,289
39,41,303,268,0.8055,YOLO,detection,1118,drone,Mode 1,C:/Users/user/Desktop/python/project/project/assets/raw/video/video_002.mp4,2026-05-06T15:37:39,283,324,249,288
37,42,302,269,0.8313,YOLO,detection,1119,drone,Mode 1,C:/Users/user/Desktop/python/project/project/assets/raw/video/video_002.mp4,2026-05-06T15:37:39,281,323,251,288
36,41,300,271,0.882,YOLO,detection,1120,drone,Mode 1,C:/Users/user/Desktop/python/project/project/assets/raw/video/video_002.mp4,2026-05-06T15:37:39,280,321,253,289
37,43,298,271,0.9041,YOLO,detection,1121,drone,Mode 1,C:/Users/user/Desktop/python/project/project/assets/raw/video/video_002.mp4,2026-05-06T15:37:40,277,320,253,290
36,45,297,271,0.9173,YOLO,detection,1122,drone,Mode 1,C:/Users/user/Desktop/python/project/project/assets/raw/video/video_002.mp4,2026-05-06T15:37:40,275,320,253,289
35,46,297,271,0.9198,YOLO,detection,1123,drone,Mode 1,C:/Users/user/Desktop/python/project/project/assets/raw/video/video_002.mp4,2026-05-06T15:37:40,274,320,254,289
34,47,295,272,0.9192,YOLO,detection,1124,drone,Mode 1,C:/Users/user/Desktop/python/project/project/assets/raw/video/video_002.mp4,2026-05-06T15:37:40,272,319,255,289
33,46,296,270,0.9216,YOLO,detection,1125,drone,Mode 1,C:/Users/user/Desktop/python/project/project/assets/raw/video/video_002.mp4,2026-05-06T15:37:40,273,319,254,287
33,47,295,268,0.9209,YOLO,detection,1126,drone,Mode 1,C:/Users/user/Desktop/python/project/project/assets/raw/video/video_002.mp4,2026-05-06T15:37:40,272,319,252,285
32,47,295,269,0.9258,YOLO,detection,1127,drone,Mode 1,C:/Users/user/Desktop/python/project/project/assets/raw/video/video_002.mp4,2026-05-06T15:37:40,272,319,253,285
32,46,296,268,0.9256,YOLO,detection,1128,drone,Mode 1,C:/Users/user/Desktop/python/project/project/assets/raw/video/video_002.mp4,2026-05-06T15:37:40,273,319,252,284
32,48,296,268,0.9324,YOLO,detection,1129,drone,Mode 1,C:/Users/user/Desktop/python/project/project/assets/raw/video/video_002.mp4,2026-05-06T15:37:40,272,320,252,284
31,47,296,267,0.9328,YOLO,detection,1130,drone,Mode 1,C:/Users/user/Desktop/python/project/project/assets/raw/video/video_002.mp4,2026-05-06T15:37:40,273,320,252,283
31,46,297,266,0.924,YOLO,detection,1131,drone,Mode 1,C:/Users/user/Desktop/python/project/project/assets/raw/video/video_002.mp4,2026-05-06T15:37:40,274,320,251,282
31,46,298,265,0.9294,YOLO,detection,1132,drone,Mode 1,C:/Users/user/Desktop/python/project/project/assets/raw/video/video_002.mp4,2026-05-06T15:37:40,275,321,250,281
32,45,297,265,0.9266,YOLO,detection,1133,drone,Mode 1,C:/Users/user/Desktop/python/project/project/assets/raw/video/video_002.mp4,2026-05-06T15:37:40,275,320,249,281
32,45,298,266,0.9278,YOLO,detection,1134,drone,Mode 1,C:/Users/user/Desktop/python/project/project/assets/raw/video/video_002.mp4,2026-05-06T15:37:40,276,321,250,282
31,45,298,266,0.929,YOLO,detection,1135,drone,Mode 1,C:/Users/user/Desktop/python/project/project/assets/raw/video/video_002.mp4,2026-05-06T15:37:40,276,321,251,282
32,45,298,265,0.9292,YOLO,detection,1136,drone,Mode 1,C:/Users/user/Desktop/python/project/project/assets/raw/video/video_002.mp4,2026-05-06T15:37:40,276,321,249,281
33,45,299,265,0.9267,YOLO,detection,1137,drone,Mode 1,C:/Users/user/Desktop/python/project/project/assets/raw/video/video_002.mp4,2026-05-06T15:37:40,277,322,249,282
32,44,299,267,0.9299,YOLO,detection,1138,drone,Mode 1,C:/Users/user/Desktop/python/project/project/assets/raw/video/video_002.mp4,2026-05-06T15:37:40,277,321,251,283
33,45,298,266,0.9337,YOLO,detection,1139,drone,Mode 1,C:/Users/user/Desktop/python/project/project/assets/raw/video/video_002.mp4,2026-05-06T15:37:40,276,321,250,283
32,45,298,266,0.9318,YOLO,detection,1140,drone,Mode 1,C:/Users/user/Desktop/python/project/project/assets/raw/video/video_002.mp4,2026-05-06T15:37:40,276,321,250,282
33,46,299,267,0.9304,YOLO,detection,1141,drone,Mode 1,C:/Users/user/Desktop/python/project/project/assets/raw/video/video_002.mp4,2026-05-06T15:37:40,276,322,251,284
32,45,298,268,0.9302,YOLO,detection,1142,drone,Mode 1,C:/Users/user/Desktop/python/project/project/assets/raw/video/video_002.mp4,2026-05-06T15:37:41,276,321,252,284
32,46,298,268,0.9321,YOLO,detection,1143,drone,Mode 1,C:/Users/user/Desktop/python/project/project/assets/raw/video/video_002.mp4,2026-05-06T15:37:41,275,321,252,284
33,46,298,266,0.935,YOLO,detection,1144,drone,Mode 1,C:/Users/user/Desktop/python/project/project/assets/raw/video/video_002.mp4,2026-05-06T15:37:41,275,321,250,283
32,46,297,267,0.9311,YOLO,detection,1145,drone,Mode 1,C:/Users/user/Desktop/python/project/project/assets/raw/video/video_002.mp4,2026-05-06T15:37:41,274,320,251,283
32,47,296,267,0.9367,YOLO,detection,1146,drone,Mode 1,C:/Users/user/Desktop/python/project/project/assets/raw/video/video_002.mp4,2026-05-06T15:37:41,273,320,251,283
32,47,296,266,0.9363,YOLO,detection,1147,drone,Mode 1,C:/Users/user/Desktop/python/project/project/assets/raw/video/video_002.mp4,2026-05-06T15:37:41,273,320,250,282
33,48,296,265,0.9361,YOLO,detection,1148,drone,Mode 1,C:/Users/user/Desktop/python/project/project/assets/raw/video/video_002.mp4,2026-05-06T15:37:41,272,320,249,282
33,48,296,264,0.9378,YOLO,detection,1149,drone,Mode 1,C:/Users/user/Desktop/python/project/project/assets/raw/video/video_002.mp4,2026-05-06T15:37:41,272,320,248,281
33,48,296,265,0.9383,YOLO,detection,1150,drone,Mode 1,C:/Users/user/Desktop/python/project/project/assets/raw/video/video_002.mp4,2026-05-06T15:37:41,272,320,249,282
32,47,296,266,0.9371,YOLO,detection,1151,drone,Mode 1,C:/Users/user/Desktop/python/project/project/assets/raw/video/video_002.mp4,2026-05-06T15:37:41,273,320,250,282
33,47,296,265,0.9353,YOLO,detection,1152,drone,Mode 1,C:/Users/user/Desktop/python/project/project/assets/raw/video/video_002.mp4,2026-05-06T15:37:41,273,320,249,282
33,48,296,264,0.9333,YOLO,detection,1153,drone,Mode 1,C:/Users/user/Desktop/python/project/project/assets/raw/video/video_002.mp4,2026-05-06T15:37:41,272,320,248,281
33,47,296,265,0.9368,YOLO,detection,1154,drone,Mode 1,C:/Users/user/Desktop/python/project/project/assets/raw/video/video_002.mp4,2026-05-06T15:37:41,273,320,249,282
32,46,298,265,0.9347,YOLO,detection,1155,drone,Mode 1,C:/Users/user/Desktop/python/project/project/assets/raw/video/video_002.mp4,2026-05-06T15:37:41,275,321,249,281
32,46,297,264,0.9364,YOLO,detection,1156,drone,Mode 1,C:/Users/user/Desktop/python/project/project/assets/raw/video/video_002.mp4,2026-05-06T15:37:41,274,320,248,280
33,46,298,263,0.9397,YOLO,detection,1157,drone,Mode 1,C:/Users/user/Desktop/python/project/project/assets/raw/video/video_002.mp4,2026-05-06T15:37:41,275,321,247,280
32,46,299,265,0.9381,YOLO,detection,1158,drone,Mode 1,C:/Users/user/Desktop/python/project/project/assets/raw/video/video_002.mp4,2026-05-06T15:37:41,276,322,249,281
31,44,299,265,0.9388,YOLO,detection,1159,drone,Mode 1,C:/Users/user/Desktop/python/project/project/assets/raw/video/video_002.mp4,2026-05-06T15:37:41,277,321,250,281
32,47,300,265,0.9375,YOLO,detection,1160,drone,Mode 1,C:/Users/user/Desktop/python/project/project/assets/raw/video/video_002.mp4,2026-05-06T15:37:41,277,324,249,281
33,46,302,265,0.9379,YOLO,detection,1161,drone,Mode 1,C:/Users/user/Desktop/python/project/project/assets/raw/video/video_002.mp4,2026-05-06T15:37:41,279,325,249,282
33,47,300,265,0.9356,YOLO,detection,1162,drone,Mode 1,C:/Users/user/Desktop/python/project/project/assets/raw/video/video_002.mp4,2026-05-06T15:37:41,277,324,249,282
32,47,300,266,0.9343,YOLO,detection,1163,drone,Mode 1,C:/Users/user/Desktop/python/project/project/assets/raw/video/video_002.mp4,2026-05-06T15:37:41,277,324,250,282
32,46,301,265,0.9356,YOLO,detection,1164,drone,Mode 1,C:/Users/user/Desktop/python/project/project/assets/raw/video/video_002.mp4,2026-05-06T15:37:42,278,324,249,281
33,45,299,264,0.9388,YOLO,detection,1165,drone,Mode 1,C:/Users/user/Desktop/python/project/project/assets/raw/video/video_002.mp4,2026-05-06T15:37:42,277,322,248,281
32,45,299,265,0.9409,YOLO,detection,1166,drone,Mode 1,C:/Users/user/Desktop/python/project/project/assets/raw/video/video_002.mp4,2026-05-06T15:37:42,277,322,249,281
31,45,300,266,0.9414,YOLO,detection,1167,drone,Mode 1,C:/Users/user/Desktop/python/project/project/assets/raw/video/video_002.mp4,2026-05-06T15:37:42,278,323,251,282
32,46,300,267,0.9351,YOLO,detection,1168,drone,Mode 1,C:/Users/user/Desktop/python/project/project/assets/raw/video/video_002.mp4,2026-05-06T15:37:42,277,323,251,283
32,47,301,267,0.9344,YOLO,detection,1169,drone,Mode 1,C:/Users/user/Desktop/python/project/project/assets/raw/video/video_002.mp4,2026-05-06T15:37:42,278,325,251,283
31,45,301,266,0.9397,YOLO,detection,1170,drone,Mode 1,C:/Users/user/Desktop/python/project/project/assets/raw/video/video_002.mp4,2026-05-06T15:37:42,279,324,251,282
32,47,303,267,0.9392,YOLO,detection,1171,drone,Mode 1,C:/Users/user/Desktop/python/project/project/assets/raw/video/video_002.mp4,2026-05-06T15:37:42,280,327,251,283
33,46,304,266,0.9343,YOLO,detection,1172,drone,Mode 1,C:/Users/user/Desktop/python/project/project/assets/raw/video/video_002.mp4,2026-05-06T15:37:42,281,327,250,283
32,45,304,266,0.935,YOLO,detection,1173,drone,Mode 1,C:/Users/user/Desktop/python/project/project/assets/raw/video/video_002.mp4,2026-05-06T15:37:42,282,327,250,282
32,46,306,266,0.9361,YOLO,detection,1174,drone,Mode 1,C:/Users/user/Desktop/python/project/project/assets/raw/video/video_002.mp4,2026-05-06T15:37:42,283,329,250,282
31,44,306,266,0.9352,YOLO,detection,1175,drone,Mode 1,C:/Users/user/Desktop/python/project/project/assets/raw/video/video_002.mp4,2026-05-06T15:37:42,284,328,251,282
33,48,307,265,0.9234,YOLO,detection,1176,drone,Mode 1,C:/Users/user/Desktop/python/project/project/assets/raw/video/video_002.mp4,2026-05-06T15:37:42,283,331,249,282
34,49,307,265,0.9136,YOLO,detection,1177,drone,Mode 1,C:/Users/user/Desktop/python/project/project/assets/raw/video/video_002.mp4,2026-05-06T15:37:42,283,332,248,282
33,47,308,265,0.9219,YOLO,detection,1178,drone,Mode 1,C:/Users/user/Desktop/python/project/project/assets/raw/video/video_002.mp4,2026-05-06T15:37:42,285,332,249,282
33,49,309,265,0.9198,YOLO,detection,1179,drone,Mode 1,C:/Users/user/Desktop/python/project/project/assets/raw/video/video_002.mp4,2026-05-06T15:37:42,285,334,249,282
33,48,310,265,0.9208,YOLO,detection,1180,drone,Mode 1,C:/Users/user/Desktop/python/project/project/assets/raw/video/video_002.mp4,2026-05-06T15:37:42,286,334,249,282
33,48,311,266,0.9174,YOLO,detection,1181,drone,Mode 1,C:/Users/user/Desktop/python/project/project/assets/raw/video/video_002.mp4,2026-05-06T15:37:42,287,335,250,283
34,49,312,267,0.9236,YOLO,detection,1182,drone,Mode 1,C:/Users/user/Desktop/python/project/project/assets/raw/video/video_002.mp4,2026-05-06T15:37:42,288,337,250,284
33,44,313,266,0.9256,YOLO,detection,1183,drone,Mode 1,C:/Users/user/Desktop/python/project/project/assets/raw/video/video_002.mp4,2026-05-06T15:37:42,291,335,250,283
33,45,313,266,0.9251,YOLO,detection,1184,drone,Mode 1,C:/Users/user/Desktop/python/project/project/assets/raw/video/video_002.mp4,2026-05-06T15:37:42,291,336,250,283
34,48,316,267,0.9165,YOLO,detection,1185,drone,Mode 1,C:/Users/user/Desktop/python/project/project/assets/raw/video/video_002.mp4,2026-05-06T15:37:43,292,340,250,284
33,47,315,266,0.9122,YOLO,detection,1186,drone,Mode 1,C:/Users/user/Desktop/python/project/project/assets/raw/video/video_002.mp4,2026-05-06T15:37:43,292,339,250,283
33,46,316,266,0.9052,YOLO,detection,1187,drone,Mode 1,C:/Users/user/Desktop/python/project/project/assets/raw/video/video_002.mp4,2026-05-06T15:37:43,293,339,250,283
33,49,318,266,0.8934,YOLO,detection,1188,drone,Mode 1,C:/Users/user/Desktop/python/project/project/assets/raw/video/video_002.mp4,2026-05-06T15:37:43,294,343,250,283
34,48,320,266,0.9143,YOLO,detection,1189,drone,Mode 1,C:/Users/user/Desktop/python/project/project/assets/raw/video/video_002.mp4,2026-05-06T15:37:43,296,344,249,283
34,48,320,265,0.9105,YOLO,detection,1190,drone,Mode 1,C:/Users/user/Desktop/python/project/project/assets/raw/video/video_002.mp4,2026-05-06T15:37:43,296,344,248,282
33,48,319,265,0.9009,YOLO,detection,1191,drone,Mode 1,C:/Users/user/Desktop/python/project/project/assets/raw/video/video_002.mp4,2026-05-06T15:37:43,295,343,249,282
33,48,319,266,0.9074,YOLO,detection,1192,drone,Mode 1,C:/Users/user/Desktop/python/project/project/assets/raw/video/video_002.mp4,2026-05-06T15:37:43,295,343,250,283
33,49,319,265,0.9058,YOLO,detection,1193,drone,Mode 1,C:/Users/user/Desktop/python/project/project/assets/raw/video/video_002.mp4,2026-05-06T15:37:43,295,344,249,282
35,48,321,264,0.9081,YOLO,detection,1194,drone,Mode 1,C:/Users/user/Desktop/python/project/project/assets/raw/video/video_002.mp4,2026-05-06T15:37:43,297,345,247,282
35,47,322,264,0.9127,YOLO,detection,1195,drone,Mode 1,C:/Users/user/Desktop/python/project/project/assets/raw/video/video_002.mp4,2026-05-06T15:37:43,299,346,247,282
33,48,325,263,0.9028,YOLO,detection,1196,drone,Mode 1,C:/Users/user/Desktop/python/project/project/assets/raw/video/video_002.mp4,2026-05-06T15:37:43,301,349,247,280
33,48,329,262,0.906,YOLO,detection,1197,drone,Mode 1,C:/Users/user/Desktop/python/project/project/assets/raw/video/video_002.mp4,2026-05-06T15:37:43,305,353,246,279
33,49,330,261,0.9226,YOLO,detection,1198,drone,Mode 1,C:/Users/user/Desktop/python/project/project/assets/raw/video/video_002.mp4,2026-05-06T15:37:43,306,355,245,278
32,46,334,261,0.9164,YOLO,detection,1199,drone,Mode 1,C:/Users/user/Desktop/python/project/project/assets/raw/video/video_002.mp4,2026-05-06T15:37:43,311,357,245,277
31,45,336,259,0.9278,YOLO,detection,1200,drone,Mode 1,C:/Users/user/Desktop/python/project/project/assets/raw/video/video_002.mp4,2026-05-06T15:37:43,314,359,244,275
32,45,336,259,0.9303,YOLO,detection,1201,drone,Mode 1,C:/Users/user/Desktop/python/project/project/assets/raw/video/video_002.mp4,2026-05-06T15:37:43,314,359,243,275
31,46,338,259,0.9385,YOLO,detection,1202,drone,Mode 1,C:/Users/user/Desktop/python/project/project/assets/raw/video/video_002.mp4,2026-05-06T15:37:43,315,361,244,275
33,47,338,260,0.9361,YOLO,detection,1203,drone,Mode 1,C:/Users/user/Desktop/python/project/project/assets/raw/video/video_002.mp4,2026-05-06T15:37:43,315,362,244,277
32,46,339,262,0.9359,YOLO,detection,1204,drone,Mode 1,C:/Users/user/Desktop/python/project/project/assets/raw/video/video_002.mp4,2026-05-06T15:37:43,316,362,246,278
32,47,339,262,0.9394,YOLO,detection,1205,drone,Mode 1,C:/Users/user/Desktop/python/project/project/assets/raw/video/video_002.mp4,2026-05-06T15:37:43,316,363,246,278
33,48,340,261,0.9415,YOLO,detection,1206,drone,Mode 1,C:/Users/user/Desktop/python/project/project/assets/raw/video/video_002.mp4,2026-05-06T15:37:43,316,364,245,278
33,47,339,262,0.9425,YOLO,detection,1207,drone,Mode 1,C:/Users/user/Desktop/python/project/project/assets/raw/video/video_002.mp4,2026-05-06T15:37:44,316,363,246,279
32,45,340,262,0.935,YOLO,detection,1208,drone,Mode 1,C:/Users/user/Desktop/python/project/project/assets/raw/video/video_002.mp4,2026-05-06T15:37:44,318,363,246,278
32,44,341,262,0.9372,YOLO,detection,1209,drone,Mode 1,C:/Users/user/Desktop/python/project/project/assets/raw/video/video_002.mp4,2026-05-06T15:37:44,319,363,246,278
33,45,341,261,0.9372,YOLO,detection,1210,drone,Mode 1,C:/Users/user/Desktop/python/project/project/assets/raw/video/video_002.mp4,2026-05-06T15:37:44,319,364,245,278
33,46,343,261,0.9387,YOLO,detection,1211,drone,Mode 1,C:/Users/user/Desktop/python/project/project/assets/raw/video/video_002.mp4,2026-05-06T15:37:44,320,366,245,278
31,44,342,261,0.9365,YOLO,detection,1212,drone,Mode 1,C:/Users/user/Desktop/python/project/project/assets/raw/video/video_002.mp4,2026-05-06T15:37:44,320,364,246,277
32,46,343,262,0.9373,YOLO,detection,1213,drone,Mode 1,C:/Users/user/Desktop/python/project/project/assets/raw/video/video_002.mp4,2026-05-06T15:37:44,320,366,246,278
33,47,343,262,0.9412,YOLO,detection,1214,drone,Mode 1,C:/Users/user/Desktop/python/project/project/assets/raw/video/video_002.mp4,2026-05-06T15:37:44,320,367,246,279
31,46,344,262,0.9365,YOLO,detection,1215,drone,Mode 1,C:/Users/user/Desktop/python/project/project/assets/raw/video/video_002.mp4,2026-05-06T15:37:44,321,367,247,278
33,46,344,261,0.9333,YOLO,detection,1216,drone,Mode 1,C:/Users/user/Desktop/python/project/project/assets/raw/video/video_002.mp4,2026-05-06T15:37:44,321,367,245,278
32,47,344,262,0.9352,YOLO,detection,1217,drone,Mode 1,C:/Users/user/Desktop/python/project/project/assets/raw/video/video_002.mp4,2026-05-06T15:37:44,321,368,246,278
32,45,344,261,0.9307,YOLO,detection,1218,drone,Mode 1,C:/Users/user/Desktop/python/project/project/assets/raw/video/video_002.mp4,2026-05-06T15:37:44,322,367,245,277
31,46,345,259,0.9359,YOLO,detection,1219,drone,Mode 1,C:/Users/user/Desktop/python/project/project/assets/raw/video/video_002.mp4,2026-05-06T15:37:44,322,368,244,275
31,46,345,258,0.9358,YOLO,detection,1220,drone,Mode 1,C:/Users/user/Desktop/python/project/project/assets/raw/video/video_002.mp4,2026-05-06T15:37:44,322,368,243,274
31,47,345,257,0.9355,YOLO,detection,1221,drone,Mode 1,C:/Users/user/Desktop/python/project/project/assets/raw/video/video_002.mp4,2026-05-06T15:37:44,322,369,242,273
32,47,346,257,0.9336,YOLO,detection,1222,drone,Mode 1,C:/Users/user/Desktop/python/project/project/assets/raw/video/video_002.mp4,2026-05-06T15:37:44,323,370,241,273
31,47,346,255,0.9349,YOLO,detection,1223,drone,Mode 1,C:/Users/user/Desktop/python/project/project/assets/raw/video/video_002.mp4,2026-05-06T15:37:44,323,370,240,271
32,48,347,255,0.9365,YOLO,detection,1224,drone,Mode 1,C:/Users/user/Desktop/python/project/project/assets/raw/video/video_002.mp4,2026-05-06T15:37:44,323,371,239,271
32,47,347,254,0.9345,YOLO,detection,1225,drone,Mode 1,C:/Users/user/Desktop/python/project/project/assets/raw/video/video_002.mp4,2026-05-06T15:37:44,324,371,238,270
32,49,348,254,0.9343,YOLO,detection,1226,drone,Mode 1,C:/Users/user/Desktop/python/project/project/assets/raw/video/video_002.mp4,2026-05-06T15:37:44,324,373,238,270
32,48,349,253,0.9337,YOLO,detection,1227,drone,Mode 1,C:/Users/user/Desktop/python/project/project/assets/raw/video/video_002.mp4,2026-05-06T15:37:44,325,373,237,269
32,49,349,253,0.9334,YOLO,detection,1228,drone,Mode 1,C:/Users/user/Desktop/python/project/project/assets/raw/video/video_002.mp4,2026-05-06T15:37:45,325,374,237,269
32,49,349,253,0.9332,YOLO,detection,1229,drone,Mode 1,C:/Users/user/Desktop/python/project/project/assets/raw/video/video_002.mp4,2026-05-06T15:37:45,325,374,237,269
32,48,349,253,0.932,YOLO,detection,1230,drone,Mode 1,C:/Users/user/Desktop/python/project/project/assets/raw/video/video_002.mp4,2026-05-06T15:37:45,325,373,237,269
31,49,350,252,0.9324,YOLO,detection,1231,drone,Mode 1,C:/Users/user/Desktop/python/project/project/assets/raw/video/video_002.mp4,2026-05-06T15:37:45,326,375,237,268
31,48,351,252,0.9308,YOLO,detection,1232,drone,Mode 1,C:/Users/user/Desktop/python/project/project/assets/raw/video/video_002.mp4,2026-05-06T15:37:45,327,375,237,268
31,49,352,251,0.9327,YOLO,detection,1233,drone,Mode 1,C:/Users/user/Desktop/python/project/project/assets/raw/video/video_002.mp4,2026-05-06T15:37:45,328,377,236,267
30,48,353,250,0.9321,YOLO,detection,1234,drone,Mode 1,C:/Users/user/Desktop/python/project/project/assets/raw/video/video_002.mp4,2026-05-06T15:37:45,329,377,235,265
30,49,355,249,0.9336,YOLO,detection,1235,drone,Mode 1,C:/Users/user/Desktop/python/project/project/assets/raw/video/video_002.mp4,2026-05-06T15:37:45,331,380,234,264
30,49,357,249,0.9348,YOLO,detection,1236,drone,Mode 1,C:/Users/user/Desktop/python/project/project/assets/raw/video/video_002.mp4,2026-05-06T15:37:45,333,382,234,264
30,50,360,250,0.9361,YOLO,detection,1237,drone,Mode 1,C:/Users/user/Desktop/python/project/project/assets/raw/video/video_002.mp4,2026-05-06T15:37:45,335,385,235,265
30,49,360,249,0.9349,YOLO,detection,1238,drone,Mode 1,C:/Users/user/Desktop/python/project/project/assets/raw/video/video_002.mp4,2026-05-06T15:37:45,336,385,234,264
31,49,360,247,0.9316,YOLO,detection,1239,drone,Mode 1,C:/Users/user/Desktop/python/project/project/assets/raw/video/video_002.mp4,2026-05-06T15:37:45,336,385,232,263
32,49,359,244,0.9256,YOLO,detection,1240,drone,Mode 1,C:/Users/user/Desktop/python/project/project/assets/raw/video/video_002.mp4,2026-05-06T15:37:45,335,384,228,260
33,50,359,242,0.9257,YOLO,detection,1241,drone,Mode 1,C:/Users/user/Desktop/python/project/project/assets/raw/video/video_002.mp4,2026-05-06T15:37:45,334,384,226,259
33,50,359,241,0.932,YOLO,detection,1242,drone,Mode 1,C:/Users/user/Desktop/python/project/project/assets/raw/video/video_002.mp4,2026-05-06T15:37:45,334,384,225,258
32,49,357,241,0.9287,YOLO,detection,1243,drone,Mode 1,C:/Users/user/Desktop/python/project/project/assets/raw/video/video_002.mp4,2026-05-06T15:37:45,333,382,225,257
32,50,357,241,0.9283,YOLO,detection,1244,drone,Mode 1,C:/Users/user/Desktop/python/project/project/assets/raw/video/video_002.mp4,2026-05-06T15:37:45,332,382,225,257
32,49,357,240,0.928,YOLO,detection,1245,drone,Mode 1,C:/Users/user/Desktop/python/project/project/assets/raw/video/video_002.mp4,2026-05-06T15:37:45,333,382,224,256
32,49,357,240,0.9253,YOLO,detection,1246,drone,Mode 1,C:/Users/user/Desktop/python/project/project/assets/raw/video/video_002.mp4,2026-05-06T15:37:45,333,382,224,256
32,50,357,240,0.9268,YOLO,detection,1247,drone,Mode 1,C:/Users/user/Desktop/python/project/project/assets/raw/video/video_002.mp4,2026-05-06T15:37:45,332,382,224,256
32,48,356,240,0.9285,YOLO,detection,1248,drone,Mode 1,C:/Users/user/Desktop/python/project/project/assets/raw/video/video_002.mp4,2026-05-06T15:37:45,332,380,224,256
31,48,356,239,0.9293,YOLO,detection,1249,drone,Mode 1,C:/Users/user/Desktop/python/project/project/assets/raw/video/video_002.mp4,2026-05-06T15:37:46,332,380,224,255
32,47,356,239,0.924,YOLO,detection,1250,drone,Mode 1,C:/Users/user/Desktop/python/project/project/assets/raw/video/video_002.mp4,2026-05-06T15:37:46,333,380,223,255
33,47,356,237,0.9257,YOLO,detection,1251,drone,Mode 1,C:/Users/user/Desktop/python/project/project/assets/raw/video/video_002.mp4,2026-05-06T15:37:46,333,380,221,254
32,47,356,236,0.9276,YOLO,detection,1252,drone,Mode 1,C:/Users/user/Desktop/python/project/project/assets/raw/video/video_002.mp4,2026-05-06T15:37:46,333,380,220,252
32,47,356,236,0.9286,YOLO,detection,1253,drone,Mode 1,C:/Users/user/Desktop/python/project/project/assets/raw/video/video_002.mp4,2026-05-06T15:37:46,333,380,220,252
31,47,356,235,0.9265,YOLO,detection,1254,drone,Mode 1,C:/Users/user/Desktop/python/project/project/assets/raw/video/video_002.mp4,2026-05-06T15:37:46,333,380,220,251
31,47,356,234,0.9258,YOLO,detection,1255,drone,Mode 1,C:/Users/user/Desktop/python/project/project/assets/raw/video/video_002.mp4,2026-05-06T15:37:46,333,380,219,250
31,48,357,233,0.9211,YOLO,detection,1256,drone,Mode 1,C:/Users/user/Desktop/python/project/project/assets/raw/video/video_002.mp4,2026-05-06T15:37:46,333,381,218,249
31,48,358,232,0.922,YOLO,detection,1257,drone,Mode 1,C:/Users/user/Desktop/python/project/project/assets/raw/video/video_002.mp4,2026-05-06T15:37:46,334,382,217,248
31,48,358,231,0.9216,YOLO,detection,1258,drone,Mode 1,C:/Users/user/Desktop/python/project/project/assets/raw/video/video_002.mp4,2026-05-06T15:37:46,334,382,216,247
31,47,358,230,0.922,YOLO,detection,1259,drone,Mode 1,C:/Users/user/Desktop/python/project/project/assets/raw/video/video_002.mp4,2026-05-06T15:37:46,335,382,215,246
31,48,359,230,0.9216,YOLO,detection,1260,drone,Mode 1,C:/Users/user/Desktop/python/project/project/assets/raw/video/video_002.mp4,2026-05-06T15:37:46,335,383,215,246
30,49,359,230,0.9186,YOLO,detection,1261,drone,Mode 1,C:/Users/user/Desktop/python/project/project/assets/raw/video/video_002.mp4,2026-05-06T15:37:46,335,384,215,245
30,48,359,229,0.9232,YOLO,detection,1262,drone,Mode 1,C:/Users/user/Desktop/python/project/project/assets/raw/video/video_002.mp4,2026-05-06T15:37:46,335,383,214,244
30,49,359,229,0.9274,YOLO,detection,1263,drone,Mode 1,C:/Users/user/Desktop/python/project/project/assets/raw/video/video_002.mp4,2026-05-06T15:37:46,335,384,214,244
31,49,359,229,0.9247,YOLO,detection,1264,drone,Mode 1,C:/Users/user/Desktop/python/project/project/assets/raw/video/video_002.mp4,2026-05-06T15:37:46,335,384,214,245
30,49,357,230,0.9261,YOLO,detection,1265,drone,Mode 1,C:/Users/user/Desktop/python/project/project/assets/raw/video/video_002.mp4,2026-05-06T15:37:46,333,382,215,245
31,49,356,229,0.9294,YOLO,detection,1266,drone,Mode 1,C:/Users/user/Desktop/python/project/project/assets/raw/video/video_002.mp4,2026-05-06T15:37:46,332,381,214,245
30,48,355,229,0.9336,YOLO,detection,1267,drone,Mode 1,C:/Users/user/Desktop/python/project/project/assets/raw/video/video_002.mp4,2026-05-06T15:37:46,331,379,214,244
31,50,352,227,0.9311,YOLO,detection,1268,drone,Mode 1,C:/Users/user/Desktop/python/project/project/assets/raw/video/video_002.mp4,2026-05-06T15:37:46,327,377,212,243
31,49,349,227,0.9282,YOLO,detection,1269,drone,Mode 1,C:/Users/user/Desktop/python/project/project/assets/raw/video/video_002.mp4,2026-05-06T15:37:46,325,374,212,243
32,48,348,228,0.9322,YOLO,detection,1270,drone,Mode 1,C:/Users/user/Desktop/python/project/project/assets/raw/video/video_002.mp4,2026-05-06T15:37:47,324,372,212,244
32,47,345,227,0.9296,YOLO,detection,1271,drone,Mode 1,C:/Users/user/Desktop/python/project/project/assets/raw/video/video_002.mp4,2026-05-06T15:37:47,322,369,211,243
31,47,344,225,0.925,YOLO,detection,1272,drone,Mode 1,C:/Users/user/Desktop/python/project/project/assets/raw/video/video_002.mp4,2026-05-06T15:37:47,321,368,210,241
31,47,344,223,0.918,YOLO,detection,1273,drone,Mode 1,C:/Users/user/Desktop/python/project/project/assets/raw/video/video_002.mp4,2026-05-06T15:37:47,321,368,208,239
30,46,344,222,0.921,YOLO,detection,1274,drone,Mode 1,C:/Users/user/Desktop/python/project/project/assets/raw/video/video_002.mp4,2026-05-06T15:37:47,321,367,207,237
32,46,344,220,0.9208,YOLO,detection,1275,drone,Mode 1,C:/Users/user/Desktop/python/project/project/assets/raw/video/video_002.mp4,2026-05-06T15:37:47,321,367,204,236
32,47,344,217,0.9199,YOLO,detection,1276,drone,Mode 1,C:/Users/user/Desktop/python/project/project/assets/raw/video/video_002.mp4,2026-05-06T15:37:47,321,368,201,233
32,46,344,215,0.9229,YOLO,detection,1277,drone,Mode 1,C:/Users/user/Desktop/python/project/project/assets/raw/video/video_002.mp4,2026-05-06T15:37:47,321,367,199,231
32,46,344,214,0.9244,YOLO,detection,1278,drone,Mode 1,C:/Users/user/Desktop/python/project/project/assets/raw/video/video_002.mp4,2026-05-06T15:37:47,321,367,198,230
32,47,345,213,0.9304,YOLO,detection,1279,drone,Mode 1,C:/Users/user/Desktop/python/project/project/assets/raw/video/video_002.mp4,2026-05-06T15:37:47,322,369,197,229
33,47,345,211,0.9338,YOLO,detection,1280,drone,Mode 1,C:/Users/user/Desktop/python/project/project/assets/raw/video/video_002.mp4,2026-05-06T15:37:47,322,369,195,228
33,48,347,209,0.9252,YOLO,detection,1281,drone,Mode 1,C:/Users/user/Desktop/python/project/project/assets/raw/video/video_002.mp4,2026-05-06T15:37:47,323,371,193,226
33,48,349,208,0.926,YOLO,detection,1282,drone,Mode 1,C:/Users/user/Desktop/python/project/project/assets/raw/video/video_002.mp4,2026-05-06T15:37:47,325,373,192,225
32,48,350,208,0.9267,YOLO,detection,1283,drone,Mode 1,C:/Users/user/Desktop/python/project/project/assets/raw/video/video_002.mp4,2026-05-06T15:37:47,326,374,192,224
31,47,351,206,0.9289,YOLO,detection,1284,drone,Mode 1,C:/Users/user/Desktop/python/project/project/assets/raw/video/video_002.mp4,2026-05-06T15:37:47,328,375,191,222
33,48,354,205,0.9177,YOLO,detection,1285,drone,Mode 1,C:/Users/user/Desktop/python/project/project/assets/raw/video/video_002.mp4,2026-05-06T15:37:47,330,378,189,222
33,48,358,207,0.9124,YOLO,detection,1286,drone,Mode 1,C:/Users/user/Desktop/python/project/project/assets/raw/video/video_002.mp4,2026-05-06T15:37:47,334,382,191,224
33,48,359,207,0.908,YOLO,detection,1287,drone,Mode 1,C:/Users/user/Desktop/python/project/project/assets/raw/video/video_002.mp4,2026-05-06T15:37:47,335,383,191,224
33,49,361,206,0.925,YOLO,detection,1288,drone,Mode 1,C:/Users/user/Desktop/python/project/project/assets/raw/video/video_002.mp4,2026-05-06T15:37:47,337,386,190,223
32,47,364,208,0.9158,YOLO,detection,1289,drone,Mode 1,C:/Users/user/Desktop/python/project/project/assets/raw/video/video_002.mp4,2026-05-06T15:37:47,341,388,192,224
33,48,364,208,0.9074,YOLO,detection,1290,drone,Mode 1,C:/Users/user/Desktop/python/project/project/assets/raw/video/video_002.mp4,2026-05-06T15:37:47,340,388,192,225
33,48,364,208,0.9129,YOLO,detection,1291,drone,Mode 1,C:/Users/user/Desktop/python/project/project/assets/raw/video/video_002.mp4,2026-05-06T15:37:48,340,388,192,225
31,47,366,207,0.918,YOLO,detection,1292,drone,Mode 1,C:/Users/user/Desktop/python/project/project/assets/raw/video/video_002.mp4,2026-05-06T15:37:48,343,390,192,223
31,47,367,206,0.9227,YOLO,detection,1293,drone,Mode 1,C:/Users/user/Desktop/python/project/project/assets/raw/video/video_002.mp4,2026-05-06T15:37:48,344,391,191,222
31,47,365,206,0.9166,YOLO,detection,1294,drone,Mode 1,C:/Users/user/Desktop/python/project/project/assets/raw/video/video_002.mp4,2026-05-06T15:37:48,342,389,191,222
32,47,366,207,0.9179,YOLO,detection,1295,drone,Mode 1,C:/Users/user/Desktop/python/project/project/assets/raw/video/video_002.mp4,2026-05-06T15:37:48,343,390,191,223
31,46,362,210,0.9205,YOLO,detection,1296,drone,Mode 1,C:/Users/user/Desktop/python/project/project/assets/raw/video/video_002.mp4,2026-05-06T15:37:48,339,385,195,226
32,48,350,214,0.9153,YOLO,detection,1297,drone,Mode 1,C:/Users/user/Desktop/python/project/project/assets/raw/video/video_002.mp4,2026-05-06T15:37:48,326,374,198,230
30,47,348,215,0.9204,YOLO,detection,1298,drone,Mode 1,C:/Users/user/Desktop/python/project/project/assets/raw/video/video_002.mp4,2026-05-06T15:37:48,325,372,200,230
31,47,353,212,0.9198,YOLO,detection,1299,drone,Mode 1,C:/Users/user/Desktop/python/project/project/assets/raw/video/video_002.mp4,2026-05-06T15:37:48,330,377,197,228
32,46,357,211,0.9292,YOLO,detection,1300,drone,Mode 1,C:/Users/user/Desktop/python/project/project/assets/raw/video/video_002.mp4,2026-05-06T15:37:48,334,380,195,227
31,47,359,209,0.9321,YOLO,detection,1301,drone,Mode 1,C:/Users/user/Desktop/python/project/project/assets/raw/video/video_002.mp4,2026-05-06T15:37:48,336,383,194,225
32,48,361,210,0.9325,YOLO,detection,1302,drone,Mode 1,C:/Users/user/Desktop/python/project/project/assets/raw/video/video_002.mp4,2026-05-06T15:37:48,337,385,194,226
32,48,360,213,0.9187,YOLO,detection,1303,drone,Mode 1,C:/Users/user/Desktop/python/project/project/assets/raw/video/video_002.mp4,2026-05-06T15:37:48,336,384,197,229
31,47,357,217,0.9182,YOLO,detection,1304,drone,Mode 1,C:/Users/user/Desktop/python/project/project/assets/raw/video/video_002.mp4,2026-05-06T15:37:48,334,381,202,233
30,47,361,216,0.9221,YOLO,detection,1305,drone,Mode 1,C:/Users/user/Desktop/python/project/project/assets/raw/video/video_002.mp4,2026-05-06T15:37:48,338,385,201,231
30,47,365,211,0.9289,YOLO,detection,1306,drone,Mode 1,C:/Users/user/Desktop/python/project/project/assets/raw/video/video_002.mp4,2026-05-06T15:37:48,342,389,196,226
30,46,365,211,0.9347,YOLO,detection,1307,drone,Mode 1,C:/Users/user/Desktop/python/project/project/assets/raw/video/video_002.mp4,2026-05-06T15:37:48,342,388,196,226
31,47,370,212,0.9352,YOLO,detection,1308,drone,Mode 1,C:/Users/user/Desktop/python/project/project/assets/raw/video/video_002.mp4,2026-05-06T15:37:48,347,394,197,228
30,46,370,215,0.927,YOLO,detection,1309,drone,Mode 1,C:/Users/user/Desktop/python/project/project/assets/raw/video/video_002.mp4,2026-05-06T15:37:48,347,393,200,230
31,46,369,215,0.9292,YOLO,detection,1310,drone,Mode 1,C:/Users/user/Desktop/python/project/project/assets/raw/video/video_002.mp4,2026-05-06T15:37:48,346,392,200,231
31,47,364,216,0.9173,YOLO,detection,1311,drone,Mode 1,C:/Users/user/Desktop/python/project/project/assets/raw/video/video_002.mp4,2026-05-06T15:37:48,341,388,201,232
31,47,359,217,0.9222,YOLO,detection,1312,drone,Mode 1,C:/Users/user/Desktop/python/project/project/assets/raw/video/video_002.mp4,2026-05-06T15:37:48,336,383,202,233
31,47,357,216,0.9237,YOLO,detection,1313,drone,Mode 1,C:/Users/user/Desktop/python/project/project/assets/raw/video/video_002.mp4,2026-05-06T15:37:49,334,381,201,232
31,47,353,215,0.9295,YOLO,detection,1314,drone,Mode 1,C:/Users/user/Desktop/python/project/project/assets/raw/video/video_002.mp4,2026-05-06T15:37:49,330,377,200,231
31,46,347,213,0.9205,YOLO,detection,1315,drone,Mode 1,C:/Users/user/Desktop/python/project/project/assets/raw/video/video_002.mp4,2026-05-06T15:37:49,324,370,198,229
33,45,320,199,0.4661,YOLO,detection,1324,drone,Mode 1,C:/Users/user/Desktop/python/project/project/assets/raw/video/video_002.mp4,2026-05-06T15:37:49,298,343,183,216
36,44,319,207,0.4285,YOLO,detection,1327,drone,Mode 1,C:/Users/user/Desktop/python/project/project/assets/raw/video/video_002.mp4,2026-05-06T15:37:49,297,341,189,225
35,45,319,205,0.8293,YOLO,detection,1328,drone,Mode 1,C:/Users/user/Desktop/python/project/project/assets/raw/video/video_002.mp4,2026-05-06T15:37:49,297,342,188,223
36,47,319,205,0.7876,YOLO,detection,1329,drone,Mode 1,C:/Users/user/Desktop/python/project/project/assets/raw/video/video_002.mp4,2026-05-06T15:37:49,296,343,187,223
36,46,319,206,0.7721,YOLO,detection,1330,drone,Mode 1,C:/Users/user/Desktop/python/project/project/assets/raw/video/video_002.mp4,2026-05-06T15:37:49,296,342,188,224
35,43,318,204,0.7545,YOLO,detection,1331,drone,Mode 1,C:/Users/user/Desktop/python/project/project/assets/raw/video/video_002.mp4,2026-05-06T15:37:49,297,340,187,222
36,46,318,201,0.4971,YOLO,detection,1332,drone,Mode 1,C:/Users/user/Desktop/python/project/project/assets/raw/video/video_002.mp4,2026-05-06T15:37:49,295,341,183,219
36,44,323,196,0.778,YOLO,detection,1341,drone,Mode 1,C:/Users/user/Desktop/python/project/project/assets/raw/video/video_002.mp4,2026-05-06T15:37:50,301,345,178,214
36,44,325,197,0.8556,YOLO,detection,1342,drone,Mode 1,C:/Users/user/Desktop/python/project/project/assets/raw/video/video_002.mp4,2026-05-06T15:37:50,303,347,179,215
37,45,326,201,0.8784,YOLO,detection,1343,drone,Mode 1,C:/Users/user/Desktop/python/project/project/assets/raw/video/video_002.mp4,2026-05-06T15:37:50,304,349,183,220
37,45,327,204,0.8582,YOLO,detection,1344,drone,Mode 1,C:/Users/user/Desktop/python/project/project/assets/raw/video/video_002.mp4,2026-05-06T15:37:50,305,350,186,223
37,46,330,205,0.8815,YOLO,detection,1345,drone,Mode 1,C:/Users/user/Desktop/python/project/project/assets/raw/video/video_002.mp4,2026-05-06T15:37:50,307,353,187,224
38,46,329,207,0.8951,YOLO,detection,1346,drone,Mode 1,C:/Users/user/Desktop/python/project/project/assets/raw/video/video_002.mp4,2026-05-06T15:37:50,306,352,188,226
38,48,328,210,0.8743,YOLO,detection,1347,drone,Mode 1,C:/Users/user/Desktop/python/project/project/assets/raw/video/video_002.mp4,2026-05-06T15:37:50,304,352,191,229
39,49,326,210,0.8695,YOLO,detection,1348,drone,Mode 1,C:/Users/user/Desktop/python/project/project/assets/raw/video/video_002.mp4,2026-05-06T15:37:50,302,351,191,230
39,48,324,210,0.8636,YOLO,detection,1349,drone,Mode 1,C:/Users/user/Desktop/python/project/project/assets/raw/video/video_002.mp4,2026-05-06T15:37:50,300,348,191,230
38,48,322,211,0.7602,YOLO,detection,1350,drone,Mode 1,C:/Users/user/Desktop/python/project/project/assets/raw/video/video_002.mp4,2026-05-06T15:37:50,298,346,192,230
39,46,321,211,0.7971,YOLO,detection,1351,drone,Mode 1,C:/Users/user/Desktop/python/project/project/assets/raw/video/video_002.mp4,2026-05-06T15:37:50,298,344,192,231
38,47,319,214,0.8351,YOLO,detection,1352,drone,Mode 1,C:/Users/user/Desktop/python/project/project/assets/raw/video/video_002.mp4,2026-05-06T15:37:50,296,343,195,233
38,47,319,215,0.8129,YOLO,detection,1353,drone,Mode 1,C:/Users/user/Desktop/python/project/project/assets/raw/video/video_002.mp4,2026-05-06T15:37:50,296,343,196,234
38,49,319,214,0.8261,YOLO,detection,1354,drone,Mode 1,C:/Users/user/Desktop/python/project/project/assets/raw/video/video_002.mp4,2026-05-06T15:37:50,295,344,195,233
37,48,319,212,0.8175,YOLO,detection,1355,drone,Mode 1,C:/Users/user/Desktop/python/project/project/assets/raw/video/video_002.mp4,2026-05-06T15:37:51,295,343,194,231
38,48,320,211,0.7445,YOLO,detection,1356,drone,Mode 1,C:/Users/user/Desktop/python/project/project/assets/raw/video/video_002.mp4,2026-05-06T15:37:51,296,344,192,230
38,48,321,211,0.5792,YOLO,detection,1357,drone,Mode 1,C:/Users/user/Desktop/python/project/project/assets/raw/video/video_002.mp4,2026-05-06T15:37:51,297,345,192,230
37,48,321,210,0.592,YOLO,detection,1358,drone,Mode 1,C:/Users/user/Desktop/python/project/project/assets/raw/video/video_002.mp4,2026-05-06T15:37:51,297,345,192,229
37,48,321,211,0.7857,YOLO,detection,1359,drone,Mode 1,C:/Users/user/Desktop/python/project/project/assets/raw/video/video_002.mp4,2026-05-06T15:37:51,297,345,193,230
38,49,320,213,0.8248,YOLO,detection,1360,drone,Mode 1,C:/Users/user/Desktop/python/project/project/assets/raw/video/video_002.mp4,2026-05-06T15:37:51,296,345,194,232
37,48,319,213,0.8539,YOLO,detection,1361,drone,Mode 1,C:/Users/user/Desktop/python/project/project/assets/raw/video/video_002.mp4,2026-05-06T15:37:51,295,343,195,232
37,47,316,213,0.8594,YOLO,detection,1362,drone,Mode 1,C:/Users/user/Desktop/python/project/project/assets/raw/video/video_002.mp4,2026-05-06T15:37:51,293,340,195,232
36,47,313,213,0.9029,YOLO,detection,1363,drone,Mode 1,C:/Users/user/Desktop/python/project/project/assets/raw/video/video_002.mp4,2026-05-06T15:37:51,290,337,195,231
35,47,308,210,0.904,YOLO,detection,1364,drone,Mode 1,C:/Users/user/Desktop/python/project/project/assets/raw/video/video_002.mp4,2026-05-06T15:37:51,285,332,193,228
33,45,303,206,0.9285,YOLO,detection,1365,drone,Mode 1,C:/Users/user/Desktop/python/project/project/assets/raw/video/video_002.mp4,2026-05-06T15:37:51,281,326,190,223
31,45,301,203,0.9364,YOLO,detection,1366,drone,Mode 1,C:/Users/user/Desktop/python/project/project/assets/raw/video/video_002.mp4,2026-05-06T15:37:51,279,324,188,219
32,45,299,203,0.9387,YOLO,detection,1367,drone,Mode 1,C:/Users/user/Desktop/python/project/project/assets/raw/video/video_002.mp4,2026-05-06T15:37:51,277,322,187,219
32,44,300,203,0.9324,YOLO,detection,1368,drone,Mode 1,C:/Users/user/Desktop/python/project/project/assets/raw/video/video_002.mp4,2026-05-06T15:37:51,278,322,187,219
32,43,301,205,0.9247,YOLO,detection,1369,drone,Mode 1,C:/Users/user/Desktop/python/project/project/assets/raw/video/video_002.mp4,2026-05-06T15:37:51,280,323,189,221
32,43,301,208,0.9269,YOLO,detection,1370,drone,Mode 1,C:/Users/user/Desktop/python/project/project/assets/raw/video/video_002.mp4,2026-05-06T15:37:51,280,323,192,224
31,44,299,210,0.9348,YOLO,detection,1371,drone,Mode 1,C:/Users/user/Desktop/python/project/project/assets/raw/video/video_002.mp4,2026-05-06T15:37:51,277,321,195,226
32,45,296,212,0.9355,YOLO,detection,1372,drone,Mode 1,C:/Users/user/Desktop/python/project/project/assets/raw/video/video_002.mp4,2026-05-06T15:37:51,274,319,196,228
32,46,296,211,0.9308,YOLO,detection,1373,drone,Mode 1,C:/Users/user/Desktop/python/project/project/assets/raw/video/video_002.mp4,2026-05-06T15:37:51,273,319,195,227
33,47,295,211,0.9338,YOLO,detection,1374,drone,Mode 1,C:/Users/user/Desktop/python/project/project/assets/raw/video/video_002.mp4,2026-05-06T15:37:51,272,319,195,228
32,46,297,213,0.936,YOLO,detection,1375,drone,Mode 1,C:/Users/user/Desktop/python/project/project/assets/raw/video/video_002.mp4,2026-05-06T15:37:51,274,320,197,229
32,45,298,214,0.9377,YOLO,detection,1376,drone,Mode 1,C:/Users/user/Desktop/python/project/project/assets/raw/video/video_002.mp4,2026-05-06T15:37:51,276,321,198,230
32,45,300,214,0.9338,YOLO,detection,1377,drone,Mode 1,C:/Users/user/Desktop/python/project/project/assets/raw/video/video_002.mp4,2026-05-06T15:37:52,278,323,198,230
31,45,299,214,0.9377,YOLO,detection,1378,drone,Mode 1,C:/Users/user/Desktop/python/project/project/assets/raw/video/video_002.mp4,2026-05-06T15:37:52,277,322,199,230
31,45,298,214,0.9376,YOLO,detection,1379,drone,Mode 1,C:/Users/user/Desktop/python/project/project/assets/raw/video/video_002.mp4,2026-05-06T15:37:52,276,321,199,230
31,45,298,215,0.9344,YOLO,detection,1380,drone,Mode 1,C:/Users/user/Desktop/python/project/project/assets/raw/video/video_002.mp4,2026-05-06T15:37:52,276,321,200,231
32,45,299,214,0.9358,YOLO,detection,1381,drone,Mode 1,C:/Users/user/Desktop/python/project/project/assets/raw/video/video_002.mp4,2026-05-06T15:37:52,277,322,198,230
32,44,301,213,0.9349,YOLO,detection,1382,drone,Mode 1,C:/Users/user/Desktop/python/project/project/assets/raw/video/video_002.mp4,2026-05-06T15:37:52,279,323,197,229
33,45,301,212,0.9338,YOLO,detection,1383,drone,Mode 1,C:/Users/user/Desktop/python/project/project/assets/raw/video/video_002.mp4,2026-05-06T15:37:52,279,324,196,229
32,45,301,213,0.9312,YOLO,detection,1384,drone,Mode 1,C:/Users/user/Desktop/python/project/project/assets/raw/video/video_002.mp4,2026-05-06T15:37:52,279,324,197,229
33,46,302,213,0.9316,YOLO,detection,1385,drone,Mode 1,C:/Users/user/Desktop/python/project/project/assets/raw/video/video_002.mp4,2026-05-06T15:37:52,279,325,197,230
33,44,302,213,0.9284,YOLO,detection,1386,drone,Mode 1,C:/Users/user/Desktop/python/project/project/assets/raw/video/video_002.mp4,2026-05-06T15:37:52,280,324,197,230
33,45,302,213,0.9258,YOLO,detection,1387,drone,Mode 1,C:/Users/user/Desktop/python/project/project/assets/raw/video/video_002.mp4,2026-05-06T15:37:52,280,325,197,230
32,45,304,215,0.9233,YOLO,detection,1388,drone,Mode 1,C:/Users/user/Desktop/python/project/project/assets/raw/video/video_002.mp4,2026-05-06T15:37:52,282,327,199,231
32,44,304,217,0.9179,YOLO,detection,1389,drone,Mode 1,C:/Users/user/Desktop/python/project/project/assets/raw/video/video_002.mp4,2026-05-06T15:37:52,282,326,201,233
33,44,306,217,0.9038,YOLO,detection,1390,drone,Mode 1,C:/Users/user/Desktop/python/project/project/assets/raw/video/video_002.mp4,2026-05-06T15:37:52,284,328,201,234
33,44,307,217,0.8976,YOLO,detection,1391,drone,Mode 1,C:/Users/user/Desktop/python/project/project/assets/raw/video/video_002.mp4,2026-05-06T15:37:52,285,329,201,234
34,47,310,220,0.9147,YOLO,detection,1392,drone,Mode 1,C:/Users/user/Desktop/python/project/project/assets/raw/video/video_002.mp4,2026-05-06T15:37:52,287,334,203,237
33,48,311,223,0.9062,YOLO,detection,1393,drone,Mode 1,C:/Users/user/Desktop/python/project/project/assets/raw/video/video_002.mp4,2026-05-06T15:37:52,287,335,207,240
33,48,310,226,0.9085,YOLO,detection,1394,drone,Mode 1,C:/Users/user/Desktop/python/project/project/assets/raw/video/video_002.mp4,2026-05-06T15:37:52,286,334,210,243
33,47,308,229,0.9094,YOLO,detection,1395,drone,Mode 1,C:/Users/user/Desktop/python/project/project/assets/raw/video/video_002.mp4,2026-05-06T15:37:52,285,332,213,246
32,45,307,231,0.906,YOLO,detection,1396,drone,Mode 1,C:/Users/user/Desktop/python/project/project/assets/raw/video/video_002.mp4,2026-05-06T15:37:52,285,330,215,247
33,50,307,230,0.9019,YOLO,detection,1397,drone,Mode 1,C:/Users/user/Desktop/python/project/project/assets/raw/video/video_002.mp4,2026-05-06T15:37:52,282,332,214,247
32,46,304,229,0.9119,YOLO,detection,1398,drone,Mode 1,C:/Users/user/Desktop/python/project/project/assets/raw/video/video_002.mp4,2026-05-06T15:37:53,281,327,213,245
30,46,299,226,0.9271,YOLO,detection,1399,drone,Mode 1,C:/Users/user/Desktop/python/project/project/assets/raw/video/video_002.mp4,2026-05-06T15:37:53,276,322,211,241
32,50,293,222,0.9352,YOLO,detection,1400,drone,Mode 1,C:/Users/user/Desktop/python/project/project/assets/raw/video/video_002.mp4,2026-05-06T15:37:53,268,318,206,238
31,48,283,215,0.9365,YOLO,detection,1401,drone,Mode 1,C:/Users/user/Desktop/python/project/project/assets/raw/video/video_002.mp4,2026-05-06T15:37:53,259,307,200,231
30,48,277,208,0.9376,YOLO,detection,1402,drone,Mode 1,C:/Users/user/Desktop/python/project/project/assets/raw/video/video_002.mp4,2026-05-06T15:37:53,253,301,193,223
30,47,276,206,0.9402,YOLO,detection,1403,drone,Mode 1,C:/Users/user/Desktop/python/project/project/assets/raw/video/video_002.mp4,2026-05-06T15:37:53,253,300,191,221
30,47,284,210,0.9382,YOLO,detection,1404,drone,Mode 1,C:/Users/user/Desktop/python/project/project/assets/raw/video/video_002.mp4,2026-05-06T15:37:53,261,308,195,225
32,47,294,218,0.9302,YOLO,detection,1405,drone,Mode 1,C:/Users/user/Desktop/python/project/project/assets/raw/video/video_002.mp4,2026-05-06T15:37:53,271,318,202,234
31,45,298,223,0.9368,YOLO,detection,1406,drone,Mode 1,C:/Users/user/Desktop/python/project/project/assets/raw/video/video_002.mp4,2026-05-06T15:37:53,276,321,208,239
31,46,300,222,0.9359,YOLO,detection,1407,drone,Mode 1,C:/Users/user/Desktop/python/project/project/assets/raw/video/video_002.mp4,2026-05-06T15:37:53,277,323,207,238
31,46,301,222,0.9346,YOLO,detection,1408,drone,Mode 1,C:/Users/user/Desktop/python/project/project/assets/raw/video/video_002.mp4,2026-05-06T15:37:53,278,324,207,238
31,45,301,224,0.9284,YOLO,detection,1409,drone,Mode 1,C:/Users/user/Desktop/python/project/project/assets/raw/video/video_002.mp4,2026-05-06T15:37:53,279,324,209,240
31,43,302,228,0.9294,YOLO,detection,1410,drone,Mode 1,C:/Users/user/Desktop/python/project/project/assets/raw/video/video_002.mp4,2026-05-06T15:37:53,281,324,213,244
31,44,303,232,0.9191,YOLO,detection,1411,drone,Mode 1,C:/Users/user/Desktop/python/project/project/assets/raw/video/video_002.mp4,2026-05-06T15:37:53,281,325,217,248
31,46,302,234,0.9106,YOLO,detection,1412,drone,Mode 1,C:/Users/user/Desktop/python/project/project/assets/raw/video/video_002.mp4,2026-05-06T15:37:53,279,325,219,250
29,45,301,234,0.9172,YOLO,detection,1413,drone,Mode 1,C:/Users/user/Desktop/python/project/project/assets/raw/video/video_002.mp4,2026-05-06T15:37:53,279,324,220,249
29,44,300,234,0.923,YOLO,detection,1414,drone,Mode 1,C:/Users/user/Desktop/python/project/project/assets/raw/video/video_002.mp4,2026-05-06T15:37:53,278,322,220,249
30,46,299,235,0.9288,YOLO,detection,1415,drone,Mode 1,C:/Users/user/Desktop/python/project/project/assets/raw/video/video_002.mp4,2026-05-06T15:37:53,276,322,220,250
29,45,298,234,0.9292,YOLO,detection,1416,drone,Mode 1,C:/Users/user/Desktop/python/project/project/assets/raw/video/video_002.mp4,2026-05-06T15:37:53,276,321,220,249
29,44,298,233,0.927,YOLO,detection,1417,drone,Mode 1,C:/Users/user/Desktop/python/project/project/assets/raw/video/video_002.mp4,2026-05-06T15:37:53,276,320,219,248
31,46,297,230,0.931,YOLO,detection,1418,drone,Mode 1,C:/Users/user/Desktop/python/project/project/assets/raw/video/video_002.mp4,2026-05-06T15:37:53,274,320,215,246
31,45,297,229,0.9361,YOLO,detection,1419,drone,Mode 1,C:/Users/user/Desktop/python/project/project/assets/raw/video/video_002.mp4,2026-05-06T15:37:54,275,320,214,245
30,46,298,228,0.9288,YOLO,detection,1420,drone,Mode 1,C:/Users/user/Desktop/python/project/project/assets/raw/video/video_002.mp4,2026-05-06T15:37:54,275,321,213,243
29,47,297,225,0.927,YOLO,detection,1421,drone,Mode 1,C:/Users/user/Desktop/python/project/project/assets/raw/video/video_002.mp4,2026-05-06T15:37:54,274,321,211,240
30,46,298,223,0.9335,YOLO,detection,1422,drone,Mode 1,C:/Users/user/Desktop/python/project/project/assets/raw/video/video_002.mp4,2026-05-06T15:37:54,275,321,208,238
30,46,297,221,0.9372,YOLO,detection,1423,drone,Mode 1,C:/Users/user/Desktop/python/project/project/assets/raw/video/video_002.mp4,2026-05-06T15:37:54,274,320,206,236
30,47,296,218,0.9336,YOLO,detection,1424,drone,Mode 1,C:/Users/user/Desktop/python/project/project/assets/raw/video/video_002.mp4,2026-05-06T15:37:54,273,320,203,233
31,45,296,214,0.9335,YOLO,detection,1425,drone,Mode 1,C:/Users/user/Desktop/python/project/project/assets/raw/video/video_002.mp4,2026-05-06T15:37:54,274,319,199,230
31,45,298,213,0.9365,YOLO,detection,1426,drone,Mode 1,C:/Users/user/Desktop/python/project/project/assets/raw/video/video_002.mp4,2026-05-06T15:37:54,276,321,198,229
31,44,300,214,0.9335,YOLO,detection,1427,drone,Mode 1,C:/Users/user/Desktop/python/project/project/assets/raw/video/video_002.mp4,2026-05-06T15:37:54,278,322,199,230
31,45,300,215,0.9286,YOLO,detection,1428,drone,Mode 1,C:/Users/user/Desktop/python/project/project/assets/raw/video/video_002.mp4,2026-05-06T15:37:54,278,323,200,231
30,45,300,218,0.9319,YOLO,detection,1429,drone,Mode 1,C:/Users/user/Desktop/python/project/project/assets/raw/video/video_002.mp4,2026-05-06T15:37:54,278,323,203,233
31,44,300,219,0.9364,YOLO,detection,1430,drone,Mode 1,C:/Users/user/Desktop/python/project/project/assets/raw/video/video_002.mp4,2026-05-06T15:37:54,278,322,204,235
30,44,300,221,0.9346,YOLO,detection,1431,drone,Mode 1,C:/Users/user/Desktop/python/project/project/assets/raw/video/video_002.mp4,2026-05-06T15:37:54,278,322,206,236
31,45,299,221,0.9354,YOLO,detection,1432,drone,Mode 1,C:/Users/user/Desktop/python/project/project/assets/raw/video/video_002.mp4,2026-05-06T15:37:54,277,322,206,237
30,44,299,222,0.935,YOLO,detection,1433,drone,Mode 1,C:/Users/user/Desktop/python/project/project/assets/raw/video/video_002.mp4,2026-05-06T15:37:54,277,321,207,237
30,45,298,223,0.9339,YOLO,detection,1434,drone,Mode 1,C:/Users/user/Desktop/python/project/project/assets/raw/video/video_002.mp4,2026-05-06T15:37:54,276,321,208,238
31,45,298,222,0.9345,YOLO,detection,1435,drone,Mode 1,C:/Users/user/Desktop/python/project/project/assets/raw/video/video_002.mp4,2026-05-06T15:37:54,276,321,207,238
31,45,298,221,0.9369,YOLO,detection,1436,drone,Mode 1,C:/Users/user/Desktop/python/project/project/assets/raw/video/video_002.mp4,2026-05-06T15:37:54,276,321,206,237
31,44,299,220,0.9366,YOLO,detection,1437,drone,Mode 1,C:/Users/user/Desktop/python/project/project/assets/raw/video/video_002.mp4,2026-05-06T15:37:54,277,321,205,236
32,45,300,220,0.932,YOLO,detection,1438,drone,Mode 1,C:/Users/user/Desktop/python/project/project/assets/raw/video/video_002.mp4,2026-05-06T15:37:54,278,323,204,236
32,45,300,219,0.9248,YOLO,detection,1439,drone,Mode 1,C:/Users/user/Desktop/python/project/project/assets/raw/video/video_002.mp4,2026-05-06T15:37:54,278,323,203,235
32,43,302,218,0.9194,YOLO,detection,1440,drone,Mode 1,C:/Users/user/Desktop/python/project/project/assets/raw/video/video_002.mp4,2026-05-06T15:37:54,281,324,202,234
32,44,303,217,0.9138,YOLO,detection,1441,drone,Mode 1,C:/Users/user/Desktop/python/project/project/assets/raw/video/video_002.mp4,2026-05-06T15:37:55,281,325,201,233
32,43,302,216,0.9251,YOLO,detection,1442,drone,Mode 1,C:/Users/user/Desktop/python/project/project/assets/raw/video/video_002.mp4,2026-05-06T15:37:55,281,324,200,232
32,43,302,215,0.9251,YOLO,detection,1443,drone,Mode 1,C:/Users/user/Desktop/python/project/project/assets/raw/video/video_002.mp4,2026-05-06T15:37:55,281,324,199,231
33,43,302,215,0.9228,YOLO,detection,1444,drone,Mode 1,C:/Users/user/Desktop/python/project/project/assets/raw/video/video_002.mp4,2026-05-06T15:37:55,281,324,199,232
33,44,302,216,0.9205,YOLO,detection,1445,drone,Mode 1,C:/Users/user/Desktop/python/project/project/assets/raw/video/video_002.mp4,2026-05-06T15:37:55,280,324,200,233
32,44,302,217,0.9232,YOLO,detection,1446,drone,Mode 1,C:/Users/user/Desktop/python/project/project/assets/raw/video/video_002.mp4,2026-05-06T15:37:55,280,324,201,233
32,44,302,217,0.923,YOLO,detection,1447,drone,Mode 1,C:/Users/user/Desktop/python/project/project/assets/raw/video/video_002.mp4,2026-05-06T15:37:55,280,324,201,233
33,45,301,217,0.9199,YOLO,detection,1448,drone,Mode 1,C:/Users/user/Desktop/python/project/project/assets/raw/video/video_002.mp4,2026-05-06T15:37:55,279,324,201,234
33,47,302,218,0.9132,YOLO,detection,1449,drone,Mode 1,C:/Users/user/Desktop/python/project/project/assets/raw/video/video_002.mp4,2026-05-06T15:37:55,279,326,202,235
32,46,301,220,0.9158,YOLO,detection,1450,drone,Mode 1,C:/Users/user/Desktop/python/project/project/assets/raw/video/video_002.mp4,2026-05-06T15:37:55,278,324,204,236
32,42,302,220,0.9257,YOLO,detection,1451,drone,Mode 1,C:/Users/user/Desktop/python/project/project/assets/raw/video/video_002.mp4,2026-05-06T15:37:55,281,323,204,236
33,44,302,220,0.9258,YOLO,detection,1452,drone,Mode 1,C:/Users/user/Desktop/python/project/project/assets/raw/video/video_002.mp4,2026-05-06T15:37:55,280,324,204,237
32,45,302,221,0.9229,YOLO,detection,1453,drone,Mode 1,C:/Users/user/Desktop/python/project/project/assets/raw/video/video_002.mp4,2026-05-06T15:37:55,280,325,205,237
32,44,304,222,0.9179,YOLO,detection,1454,drone,Mode 1,C:/Users/user/Desktop/python/project/project/assets/raw/video/video_002.mp4,2026-05-06T15:37:55,282,326,206,238
32,43,302,223,0.9159,YOLO,detection,1455,drone,Mode 1,C:/Users/user/Desktop/python/project/project/assets/raw/video/video_002.mp4,2026-05-06T15:37:55,281,324,207,239
32,45,301,223,0.9206,YOLO,detection,1456,drone,Mode 1,C:/Users/user/Desktop/python/project/project/assets/raw/video/video_002.mp4,2026-05-06T15:37:55,279,324,207,239
31,44,299,222,0.9275,YOLO,detection,1457,drone,Mode 1,C:/Users/user/Desktop/python/project/project/assets/raw/video/video_002.mp4,2026-05-06T15:37:55,277,321,207,238
31,46,297,222,0.9312,YOLO,detection,1458,drone,Mode 1,C:/Users/user/Desktop/python/project/project/assets/raw/video/video_002.mp4,2026-05-06T15:37:55,274,320,207,238
31,46,296,222,0.9341,YOLO,detection,1459,drone,Mode 1,C:/Users/user/Desktop/python/project/project/assets/raw/video/video_002.mp4,2026-05-06T15:37:55,273,319,207,238
32,47,295,224,0.9335,YOLO,detection,1460,drone,Mode 1,C:/Users/user/Desktop/python/project/project/assets/raw/video/video_002.mp4,2026-05-06T15:37:55,272,319,208,240
32,48,296,224,0.9319,YOLO,detection,1461,drone,Mode 1,C:/Users/user/Desktop/python/project/project/assets/raw/video/video_002.mp4,2026-05-06T15:37:55,272,320,208,240
32,47,295,224,0.925,YOLO,detection,1462,drone,Mode 1,C:/Users/user/Desktop/python/project/project/assets/raw/video/video_002.mp4,2026-05-06T15:37:56,272,319,208,240
32,46,296,226,0.9245,YOLO,detection,1463,drone,Mode 1,C:/Users/user/Desktop/python/project/project/assets/raw/video/video_002.mp4,2026-05-06T15:37:56,273,319,210,242
31,46,297,228,0.9188,YOLO,detection,1464,drone,Mode 1,C:/Users/user/Desktop/python/project/project/assets/raw/video/video_002.mp4,2026-05-06T15:37:56,274,320,213,244
32,47,296,230,0.9252,YOLO,detection,1465,drone,Mode 1,C:/Users/user/Desktop/python/project/project/assets/raw/video/video_002.mp4,2026-05-06T15:37:56,273,320,214,246
32,50,295,226,0.9308,YOLO,detection,1466,drone,Mode 1,C:/Users/user/Desktop/python/project/project/assets/raw/video/video_002.mp4,2026-05-06T15:37:56,270,320,210,242
32,50,294,223,0.932,YOLO,detection,1467,drone,Mode 1,C:/Users/user/Desktop/python/project/project/assets/raw/video/video_002.mp4,2026-05-06T15:37:56,269,319,207,239
33,49,294,221,0.9317,YOLO,detection,1468,drone,Mode 1,C:/Users/user/Desktop/python/project/project/assets/raw/video/video_002.mp4,2026-05-06T15:37:56,270,319,205,238
31,47,296,221,0.9334,YOLO,detection,1469,drone,Mode 1,C:/Users/user/Desktop/python/project/project/assets/raw/video/video_002.mp4,2026-05-06T15:37:56,273,320,206,237
31,45,299,220,0.9304,YOLO,detection,1470,drone,Mode 1,C:/Users/user/Desktop/python/project/project/assets/raw/video/video_002.mp4,2026-05-06T15:37:56,277,322,205,236
32,44,301,220,0.9224,YOLO,detection,1471,drone,Mode 1,C:/Users/user/Desktop/python/project/project/assets/raw/video/video_002.mp4,2026-05-06T15:37:56,279,323,204,236
33,45,301,219,0.9215,YOLO,detection,1472,drone,Mode 1,C:/Users/user/Desktop/python/project/project/assets/raw/video/video_002.mp4,2026-05-06T15:37:56,279,324,203,236
32,45,300,219,0.921,YOLO,detection,1473,drone,Mode 1,C:/Users/user/Desktop/python/project/project/assets/raw/video/video_002.mp4,2026-05-06T15:37:56,278,323,203,235
32,45,298,219,0.9281,YOLO,detection,1474,drone,Mode 1,C:/Users/user/Desktop/python/project/project/assets/raw/video/video_002.mp4,2026-05-06T15:37:56,276,321,203,235
32,47,296,219,0.9321,YOLO,detection,1475,drone,Mode 1,C:/Users/user/Desktop/python/project/project/assets/raw/video/video_002.mp4,2026-05-06T15:37:56,273,320,203,235
32,47,295,220,0.9342,YOLO,detection,1476,drone,Mode 1,C:/Users/user/Desktop/python/project/project/assets/raw/video/video_002.mp4,2026-05-06T15:37:56,272,319,204,236
33,49,294,219,0.9284,YOLO,detection,1477,drone,Mode 1,C:/Users/user/Desktop/python/project/project/assets/raw/video/video_002.mp4,2026-05-06T15:37:56,270,319,203,236
33,49,295,219,0.9289,YOLO,detection,1478,drone,Mode 1,C:/Users/user/Desktop/python/project/project/assets/raw/video/video_002.mp4,2026-05-06T15:37:56,271,320,203,236
32,48,296,220,0.9298,YOLO,detection,1479,drone,Mode 1,C:/Users/user/Desktop/python/project/project/assets/raw/video/video_002.mp4,2026-05-06T15:37:56,272,320,204,236
33,47,296,219,0.9304,YOLO,detection,1480,drone,Mode 1,C:/Users/user/Desktop/python/project/project/assets/raw/video/video_002.mp4,2026-05-06T15:37:56,273,320,203,236
34,47,296,219,0.9282,YOLO,detection,1481,drone,Mode 1,C:/Users/user/Desktop/python/project/project/assets/raw/video/video_002.mp4,2026-05-06T15:37:56,273,320,202,236
33,48,297,219,0.9283,YOLO,detection,1482,drone,Mode 1,C:/Users/user/Desktop/python/project/project/assets/raw/video/video_002.mp4,2026-05-06T15:37:56,273,321,203,236
33,47,296,220,0.9323,YOLO,detection,1483,drone,Mode 1,C:/Users/user/Desktop/python/project/project/assets/raw/video/video_002.mp4,2026-05-06T15:37:57,273,320,204,237
32,46,297,221,0.9335,YOLO,detection,1484,drone,Mode 1,C:/Users/user/Desktop/python/project/project/assets/raw/video/video_002.mp4,2026-05-06T15:37:57,274,320,205,237
32,46,297,222,0.9344,YOLO,detection,1485,drone,Mode 1,C:/Users/user/Desktop/python/project/project/assets/raw/video/video_002.mp4,2026-05-06T15:37:57,274,320,206,238
32,47,297,223,0.9316,YOLO,detection,1486,drone,Mode 1,C:/Users/user/Desktop/python/project/project/assets/raw/video/video_002.mp4,2026-05-06T15:37:57,274,321,207,239
32,46,298,225,0.9289,YOLO,detection,1487,drone,Mode 1,C:/Users/user/Desktop/python/project/project/assets/raw/video/video_002.mp4,2026-05-06T15:37:57,275,321,209,241
33,48,299,225,0.9252,YOLO,detection,1488,drone,Mode 1,C:/Users/user/Desktop/python/project/project/assets/raw/video/video_002.mp4,2026-05-06T15:37:57,275,323,209,242
32,48,299,226,0.9063,YOLO,detection,1489,drone,Mode 1,C:/Users/user/Desktop/python/project/project/assets/raw/video/video_002.mp4,2026-05-06T15:37:57,275,323,210,242
31,46,299,226,0.904,YOLO,detection,1490,drone,Mode 1,C:/Users/user/Desktop/python/project/project/assets/raw/video/video_002.mp4,2026-05-06T15:37:57,276,322,211,242
32,46,298,227,0.907,YOLO,detection,1491,drone,Mode 1,C:/Users/user/Desktop/python/project/project/assets/raw/video/video_002.mp4,2026-05-06T15:37:57,275,321,211,243
31,47,298,227,0.9141,YOLO,detection,1492,drone,Mode 1,C:/Users/user/Desktop/python/project/project/assets/raw/video/video_002.mp4,2026-05-06T15:37:57,275,322,212,243
31,48,299,227,0.9113,YOLO,detection,1493,drone,Mode 1,C:/Users/user/Desktop/python/project/project/assets/raw/video/video_002.mp4,2026-05-06T15:37:57,275,323,212,243
31,48,300,226,0.9,YOLO,detection,1494,drone,Mode 1,C:/Users/user/Desktop/python/project/project/assets/raw/video/video_002.mp4,2026-05-06T15:37:57,276,324,211,242
32,48,301,226,0.8839,YOLO,detection,1495,drone,Mode 1,C:/Users/user/Desktop/python/project/project/assets/raw/video/video_002.mp4,2026-05-06T15:37:57,277,325,210,242
32,49,302,226,0.8764,YOLO,detection,1496,drone,Mode 1,C:/Users/user/Desktop/python/project/project/assets/raw/video/video_002.mp4,2026-05-06T15:37:57,278,327,210,242
32,50,302,227,0.8817,YOLO,detection,1497,drone,Mode 1,C:/Users/user/Desktop/python/project/project/assets/raw/video/video_002.mp4,2026-05-06T15:37:57,277,327,211,243
32,49,302,228,0.8764,YOLO,detection,1498,drone,Mode 1,C:/Users/user/Desktop/python/project/project/assets/raw/video/video_002.mp4,2026-05-06T15:37:57,278,327,212,244
31,46,302,228,0.8793,YOLO,detection,1499,drone,Mode 1,C:/Users/user/Desktop/python/project/project/assets/raw/video/video_002.mp4,2026-05-06T15:37:57,279,325,213,244
32,47,302,230,0.8954,YOLO,detection,1500,drone,Mode 1,C:/Users/user/Desktop/python/project/project/assets/raw/video/video_002.mp4,2026-05-06T15:37:57,279,326,214,246
32,46,303,231,0.8024,YOLO,detection,1501,drone,Mode 1,C:/Users/user/Desktop/python/project/project/assets/raw/video/video_002.mp4,2026-05-06T15:37:57,280,326,215,247
32,47,304,231,0.786,YOLO,detection,1502,drone,Mode 1,C:/Users/user/Desktop/python/project/project/assets/raw/video/video_002.mp4,2026-05-06T15:37:57,281,328,215,247
32,51,304,230,0.8694,YOLO,detection,1503,drone,Mode 1,C:/Users/user/Desktop/python/project/project/assets/raw/video/video_002.mp4,2026-05-06T15:37:57,279,330,214,246
32,50,304,230,0.8816,YOLO,detection,1504,drone,Mode 1,C:/Users/user/Desktop/python/project/project/assets/raw/video/video_002.mp4,2026-05-06T15:37:58,279,329,214,246
32,48,303,230,0.8843,YOLO,detection,1505,drone,Mode 1,C:/Users/user/Desktop/python/project/project/assets/raw/video/video_002.mp4,2026-05-06T15:37:58,279,327,214,246
32,47,302,230,0.8723,YOLO,detection,1506,drone,Mode 1,C:/Users/user/Desktop/python/project/project/assets/raw/video/video_002.mp4,2026-05-06T15:37:58,279,326,214,246
32,47,302,229,0.8659,YOLO,detection,1507,drone,Mode 1,C:/Users/user/Desktop/python/project/project/assets/raw/video/video_002.mp4,2026-05-06T15:37:58,279,326,213,245
32,47,301,229,0.872,YOLO,detection,1508,drone,Mode 1,C:/Users/user/Desktop/python/project/project/assets/raw/video/video_002.mp4,2026-05-06T15:37:58,278,325,213,245
32,47,301,229,0.8728,YOLO,detection,1509,drone,Mode 1,C:/Users/user/Desktop/python/project/project/assets/raw/video/video_002.mp4,2026-05-06T15:37:58,278,325,213,245
32,47,301,228,0.767,YOLO,detection,1510,drone,Mode 1,C:/Users/user/Desktop/python/project/project/assets/raw/video/video_002.mp4,2026-05-06T15:37:58,278,325,212,244
32,47,301,228,0.8746,YOLO,detection,1511,drone,Mode 1,C:/Users/user/Desktop/python/project/project/assets/raw/video/video_002.mp4,2026-05-06T15:37:58,278,325,212,244
33,49,302,228,0.8866,YOLO,detection,1512,drone,Mode 1,C:/Users/user/Desktop/python/project/project/assets/raw/video/video_002.mp4,2026-05-06T15:37:58,278,327,212,245
34,50,305,229,0.8296,YOLO,detection,1513,drone,Mode 1,C:/Users/user/Desktop/python/project/project/assets/raw/video/video_002.mp4,2026-05-06T15:37:58,280,330,212,246
33,51,305,228,0.8051,YOLO,detection,1514,drone,Mode 1,C:/Users/user/Desktop/python/project/project/assets/raw/video/video_002.mp4,2026-05-06T15:37:58,280,331,212,245
34,50,306,228,0.8024,YOLO,detection,1515,drone,Mode 1,C:/Users/user/Desktop/python/project/project/assets/raw/video/video_002.mp4,2026-05-06T15:37:58,281,331,211,245
35,52,306,228,0.811,YOLO,detection,1516,drone,Mode 1,C:/Users/user/Desktop/python/project/project/assets/raw/video/video_002.mp4,2026-05-06T15:37:58,280,332,211,246
34,49,305,229,0.7421,YOLO,detection,1517,drone,Mode 1,C:/Users/user/Desktop/python/project/project/assets/raw/video/video_002.mp4,2026-05-06T15:37:58,281,330,212,246
35,51,306,228,0.7016,YOLO,detection,1518,drone,Mode 1,C:/Users/user/Desktop/python/project/project/assets/raw/video/video_002.mp4,2026-05-06T15:37:58,281,332,211,246
34,51,306,228,0.7976,YOLO,detection,1519,drone,Mode 1,C:/Users/user/Desktop/python/project/project/assets/raw/video/video_002.mp4,2026-05-06T15:37:58,281,332,211,245
35,52,307,228,0.839,YOLO,detection,1520,drone,Mode 1,C:/Users/user/Desktop/python/project/project/assets/raw/video/video_002.mp4,2026-05-06T15:37:58,281,333,211,246
35,52,308,228,0.8383,YOLO,detection,1521,drone,Mode 1,C:/Users/user/Desktop/python/project/project/assets/raw/video/video_002.mp4,2026-05-06T15:37:58,282,334,211,246
35,50,307,229,0.7306,YOLO,detection,1522,drone,Mode 1,C:/Users/user/Desktop/python/project/project/assets/raw/video/video_002.mp4,2026-05-06T15:37:58,282,332,212,247
34,48,306,231,0.7527,YOLO,detection,1523,drone,Mode 1,C:/Users/user/Desktop/python/project/project/assets/raw/video/video_002.mp4,2026-05-06T15:37:58,282,330,214,248
34,46,305,232,0.8508,YOLO,detection,1524,drone,Mode 1,C:/Users/user/Desktop/python/project/project/assets/raw/video/video_002.mp4,2026-05-06T15:37:58,282,328,215,249
34,47,304,234,0.8805,YOLO,detection,1525,drone,Mode 1,C:/Users/user/Desktop/python/project/project/assets/raw/video/video_002.mp4,2026-05-06T15:37:58,281,328,217,251
33,41,302,235,0.8862,YOLO,detection,1526,drone,Mode 1,C:/Users/user/Desktop/python/project/project/assets/raw/video/video_002.mp4,2026-05-06T15:37:59,282,323,219,252
34,42,303,235,0.8787,YOLO,detection,1527,drone,Mode 1,C:/Users/user/Desktop/python/project/project/assets/raw/video/video_002.mp4,2026-05-06T15:37:59,282,324,218,252
34,47,304,234,0.8912,YOLO,detection,1528,drone,Mode 1,C:/Users/user/Desktop/python/project/project/assets/raw/video/video_002.mp4,2026-05-06T15:37:59,281,328,217,251
34,45,303,233,0.8754,YOLO,detection,1529,drone,Mode 1,C:/Users/user/Desktop/python/project/project/assets/raw/video/video_002.mp4,2026-05-06T15:37:59,281,326,216,250
34,46,304,233,0.8479,YOLO,detection,1530,drone,Mode 1,C:/Users/user/Desktop/python/project/project/assets/raw/video/video_002.mp4,2026-05-06T15:37:59,281,327,216,250
33,45,304,235,0.8925,YOLO,detection,1531,drone,Mode 1,C:/Users/user/Desktop/python/project/project/assets/raw/video/video_002.mp4,2026-05-06T15:37:59,282,327,219,252
33,46,304,235,0.89,YOLO,detection,1532,drone,Mode 1,C:/Users/user/Desktop/python/project/project/assets/raw/video/video_002.mp4,2026-05-06T15:37:59,281,327,219,252
34,47,304,235,0.8884,YOLO,detection,1533,drone,Mode 1,C:/Users/user/Desktop/python/project/project/assets/raw/video/video_002.mp4,2026-05-06T15:37:59,281,328,218,252
34,48,306,234,0.8547,YOLO,detection,1534,drone,Mode 1,C:/Users/user/Desktop/python/project/project/assets/raw/video/video_002.mp4,2026-05-06T15:37:59,282,330,217,251
35,42,304,233,0.7821,YOLO,detection,1535,drone,Mode 1,C:/Users/user/Desktop/python/project/project/assets/raw/video/video_002.mp4,2026-05-06T15:37:59,283,325,216,251
35,48,306,232,0.6852,YOLO,detection,1536,drone,Mode 1,C:/Users/user/Desktop/python/project/project/assets/raw/video/video_002.mp4,2026-05-06T15:37:59,282,330,215,250
35,46,305,233,0.8205,YOLO,detection,1537,drone,Mode 1,C:/Users/user/Desktop/python/project/project/assets/raw/video/video_002.mp4,2026-05-06T15:37:59,282,328,216,251
34,45,305,235,0.8423,YOLO,detection,1538,drone,Mode 1,C:/Users/user/Desktop/python/project/project/assets/raw/video/video_002.mp4,2026-05-06T15:37:59,283,328,218,252
35,45,308,235,0.8562,YOLO,detection,1539,drone,Mode 1,C:/Users/user/Desktop/python/project/project/assets/raw/video/video_002.mp4,2026-05-06T15:37:59,286,331,218,253
34,48,309,236,0.8888,YOLO,detection,1540,drone,Mode 1,C:/Users/user/Desktop/python/project/project/assets/raw/video/video_002.mp4,2026-05-06T15:37:59,285,333,219,253
35,48,310,236,0.8833,YOLO,detection,1541,drone,Mode 1,C:/Users/user/Desktop/python/project/project/assets/raw/video/video_002.mp4,2026-05-06T15:37:59,286,334,219,254
34,49,310,238,0.9008,YOLO,detection,1542,drone,Mode 1,C:/Users/user/Desktop/python/project/project/assets/raw/video/video_002.mp4,2026-05-06T15:37:59,286,335,221,255
34,48,310,240,0.9062,YOLO,detection,1543,drone,Mode 1,C:/Users/user/Desktop/python/project/project/assets/raw/video/video_002.mp4,2026-05-06T15:37:59,286,334,223,257
35,49,309,241,0.9104,YOLO,detection,1544,drone,Mode 1,C:/Users/user/Desktop/python/project/project/assets/raw/video/video_002.mp4,2026-05-06T15:37:59,285,334,224,259
35,51,309,241,0.9181,YOLO,detection,1545,drone,Mode 1,C:/Users/user/Desktop/python/project/project/assets/raw/video/video_002.mp4,2026-05-06T15:37:59,284,335,224,259
35,50,312,241,0.9182,YOLO,detection,1546,drone,Mode 1,C:/Users/user/Desktop/python/project/project/assets/raw/video/video_002.mp4,2026-05-06T15:37:59,287,337,224,259
35,48,313,241,0.9146,YOLO,detection,1547,drone,Mode 1,C:/Users/user/Desktop/python/project/project/assets/raw/video/video_002.mp4,2026-05-06T15:38:00,289,337,224,259
36,50,314,241,0.9045,YOLO,detection,1548,drone,Mode 1,C:/Users/user/Desktop/python/project/project/assets/raw/video/video_002.mp4,2026-05-06T15:38:00,289,339,223,259
36,46,311,242,0.8703,YOLO,detection,1549,drone,Mode 1,C:/Users/user/Desktop/python/project/project/assets/raw/video/video_002.mp4,2026-05-06T15:38:00,288,334,224,260
37,51,312,241,0.8506,YOLO,detection,1550,drone,Mode 1,C:/Users/user/Desktop/python/project/project/assets/raw/video/video_002.mp4,2026-05-06T15:38:00,287,338,223,260
36,49,312,242,0.7947,YOLO,detection,1551,drone,Mode 1,C:/Users/user/Desktop/python/project/project/assets/raw/video/video_002.mp4,2026-05-06T15:38:00,288,337,224,260
35,50,311,242,0.9061,YOLO,detection,1552,drone,Mode 1,C:/Users/user/Desktop/python/project/project/assets/raw/video/video_002.mp4,2026-05-06T15:38:00,286,336,225,260
35,51,310,242,0.9036,YOLO,detection,1553,drone,Mode 1,C:/Users/user/Desktop/python/project/project/assets/raw/video/video_002.mp4,2026-05-06T15:38:00,285,336,225,260
35,50,310,242,0.9056,YOLO,detection,1554,drone,Mode 1,C:/Users/user/Desktop/python/project/project/assets/raw/video/video_002.mp4,2026-05-06T15:38:00,285,335,225,260
35,48,310,241,0.9087,YOLO,detection,1555,drone,Mode 1,C:/Users/user/Desktop/python/project/project/assets/raw/video/video_002.mp4,2026-05-06T15:38:00,286,334,224,259
35,50,310,241,0.9104,YOLO,detection,1556,drone,Mode 1,C:/Users/user/Desktop/python/project/project/assets/raw/video/video_002.mp4,2026-05-06T15:38:00,285,335,224,259
35,49,309,241,0.9083,YOLO,detection,1557,drone,Mode 1,C:/Users/user/Desktop/python/project/project/assets/raw/video/video_002.mp4,2026-05-06T15:38:00,285,334,224,259
35,48,308,241,0.8967,YOLO,detection,1558,drone,Mode 1,C:/Users/user/Desktop/python/project/project/assets/raw/video/video_002.mp4,2026-05-06T15:38:00,284,332,224,259
34,42,304,241,0.8994,YOLO,detection,1559,drone,Mode 1,C:/Users/user/Desktop/python/project/project/assets/raw/video/video_002.mp4,2026-05-06T15:38:00,283,325,224,258
33,40,303,240,0.903,YOLO,detection,1560,drone,Mode 1,C:/Users/user/Desktop/python/project/project/assets/raw/video/video_002.mp4,2026-05-06T15:38:00,283,323,224,257
33,38,302,238,0.8776,YOLO,detection,1561,drone,Mode 1,C:/Users/user/Desktop/python/project/project/assets/raw/video/video_002.mp4,2026-05-06T15:38:00,283,321,222,255
34,39,302,236,0.8701,YOLO,detection,1562,drone,Mode 1,C:/Users/user/Desktop/python/project/project/assets/raw/video/video_002.mp4,2026-05-06T15:38:00,283,322,219,253
34,43,305,237,0.8666,YOLO,detection,1563,drone,Mode 1,C:/Users/user/Desktop/python/project/project/assets/raw/video/video_002.mp4,2026-05-06T15:38:00,284,327,220,254
35,44,307,237,0.8601,YOLO,detection,1564,drone,Mode 1,C:/Users/user/Desktop/python/project/project/assets/raw/video/video_002.mp4,2026-05-06T15:38:00,285,329,220,255
34,49,308,239,0.887,YOLO,detection,1565,drone,Mode 1,C:/Users/user/Desktop/python/project/project/assets/raw/video/video_002.mp4,2026-05-06T15:38:00,284,333,222,256
35,48,309,238,0.8901,YOLO,detection,1566,drone,Mode 1,C:/Users/user/Desktop/python/project/project/assets/raw/video/video_002.mp4,2026-05-06T15:38:00,285,333,221,256
36,49,310,237,0.8912,YOLO,detection,1567,drone,Mode 1,C:/Users/user/Desktop/python/project/project/assets/raw/video/video_002.mp4,2026-05-06T15:38:00,286,335,219,255
36,49,311,236,0.8915,YOLO,detection,1568,drone,Mode 1,C:/Users/user/Desktop/python/project/project/assets/raw/video/video_002.mp4,2026-05-06T15:38:00,287,336,218,254
36,49,311,236,0.8874,YOLO,detection,1569,drone,Mode 1,C:/Users/user/Desktop/python/project/project/assets/raw/video/video_002.mp4,2026-05-06T15:38:01,287,336,218,254
35,48,311,236,0.8751,YOLO,detection,1570,drone,Mode 1,C:/Users/user/Desktop/python/project/project/assets/raw/video/video_002.mp4,2026-05-06T15:38:01,287,335,219,254
35,48,311,236,0.8827,YOLO,detection,1571,drone,Mode 1,C:/Users/user/Desktop/python/project/project/assets/raw/video/video_002.mp4,2026-05-06T15:38:01,287,335,219,254
35,50,311,236,0.8888,YOLO,detection,1572,drone,Mode 1,C:/Users/user/Desktop/python/project/project/assets/raw/video/video_002.mp4,2026-05-06T15:38:01,286,336,219,254
34,48,311,238,0.9019,YOLO,detection,1573,drone,Mode 1,C:/Users/user/Desktop/python/project/project/assets/raw/video/video_002.mp4,2026-05-06T15:38:01,287,335,221,255
34,48,310,239,0.9017,YOLO,detection,1574,drone,Mode 1,C:/Users/user/Desktop/python/project/project/assets/raw/video/video_002.mp4,2026-05-06T15:38:01,286,334,222,256
33,48,310,238,0.8975,YOLO,detection,1575,drone,Mode 1,C:/Users/user/Desktop/python/project/project/assets/raw/video/video_002.mp4,2026-05-06T15:38:01,286,334,222,255
33,49,310,237,0.9029,YOLO,detection,1576,drone,Mode 1,C:/Users/user/Desktop/python/project/project/assets/raw/video/video_002.mp4,2026-05-06T15:38:01,286,335,221,254
34,48,311,238,0.9001,YOLO,detection,1577,drone,Mode 1,C:/Users/user/Desktop/python/project/project/assets/raw/video/video_002.mp4,2026-05-06T15:38:01,287,335,221,255
34,48,310,239,0.897,YOLO,detection,1578,drone,Mode 1,C:/Users/user/Desktop/python/project/project/assets/raw/video/video_002.mp4,2026-05-06T15:38:01,286,334,222,256
35,48,308,240,0.8854,YOLO,detection,1579,drone,Mode 1,C:/Users/user/Desktop/python/project/project/assets/raw/video/video_002.mp4,2026-05-06T15:38:01,284,332,223,258
35,49,307,241,0.8823,YOLO,detection,1580,drone,Mode 1,C:/Users/user/Desktop/python/project/project/assets/raw/video/video_002.mp4,2026-05-06T15:38:01,283,332,224,259
35,50,309,242,0.8963,YOLO,detection,1581,drone,Mode 1,C:/Users/user/Desktop/python/project/project/assets/raw/video/video_002.mp4,2026-05-06T15:38:01,284,334,225,260
36,50,312,242,0.9086,YOLO,detection,1582,drone,Mode 1,C:/Users/user/Desktop/python/project/project/assets/raw/video/video_002.mp4,2026-05-06T15:38:01,287,337,224,260
35,49,313,241,0.8939,YOLO,detection,1583,drone,Mode 1,C:/Users/user/Desktop/python/project/project/assets/raw/video/video_002.mp4,2026-05-06T15:38:01,289,338,224,259
36,49,315,241,0.8543,YOLO,detection,1584,drone,Mode 1,C:/Users/user/Desktop/python/project/project/assets/raw/video/video_002.mp4,2026-05-06T15:38:01,291,340,223,259
36,51,318,240,0.8913,YOLO,detection,1585,drone,Mode 1,C:/Users/user/Desktop/python/project/project/assets/raw/video/video_002.mp4,2026-05-06T15:38:01,293,344,222,258
35,48,318,238,0.8689,YOLO,detection,1586,drone,Mode 1,C:/Users/user/Desktop/python/project/project/assets/raw/video/video_002.mp4,2026-05-06T15:38:01,294,342,221,256
35,48,317,238,0.8703,YOLO,detection,1587,drone,Mode 1,C:/Users/user/Desktop/python/project/project/assets/raw/video/video_002.mp4,2026-05-06T15:38:01,293,341,221,256
35,50,316,239,0.8762,YOLO,detection,1588,drone,Mode 1,C:/Users/user/Desktop/python/project/project/assets/raw/video/video_002.mp4,2026-05-06T15:38:01,291,341,222,257
35,49,314,240,0.8821,YOLO,detection,1589,drone,Mode 1,C:/Users/user/Desktop/python/project/project/assets/raw/video/video_002.mp4,2026-05-06T15:38:01,290,339,223,258
36,49,312,241,0.9057,YOLO,detection,1590,drone,Mode 1,C:/Users/user/Desktop/python/project/project/assets/raw/video/video_002.mp4,2026-05-06T15:38:02,288,337,223,259
35,49,311,240,0.9108,YOLO,detection,1591,drone,Mode 1,C:/Users/user/Desktop/python/project/project/assets/raw/video/video_002.mp4,2026-05-06T15:38:02,287,336,223,258
35,50,311,240,0.9081,YOLO,detection,1592,drone,Mode 1,C:/Users/user/Desktop/python/project/project/assets/raw/video/video_002.mp4,2026-05-06T15:38:02,286,336,223,258
35,50,309,240,0.9059,YOLO,detection,1593,drone,Mode 1,C:/Users/user/Desktop/python/project/project/assets/raw/video/video_002.mp4,2026-05-06T15:38:02,284,334,223,258
34,41,303,241,0.9026,YOLO,detection,1594,drone,Mode 1,C:/Users/user/Desktop/python/project/project/assets/raw/video/video_002.mp4,2026-05-06T15:38:02,283,324,224,258
34,43,302,242,0.8971,YOLO,detection,1595,drone,Mode 1,C:/Users/user/Desktop/python/project/project/assets/raw/video/video_002.mp4,2026-05-06T15:38:02,281,324,225,259
35,46,301,242,0.9091,YOLO,detection,1596,drone,Mode 1,C:/Users/user/Desktop/python/project/project/assets/raw/video/video_002.mp4,2026-05-06T15:38:02,278,324,225,260
33,45,300,242,0.9223,YOLO,detection,1597,drone,Mode 1,C:/Users/user/Desktop/python/project/project/assets/raw/video/video_002.mp4,2026-05-06T15:38:02,278,323,226,259
33,44,301,242,0.9106,YOLO,detection,1598,drone,Mode 1,C:/Users/user/Desktop/python/project/project/assets/raw/video/video_002.mp4,2026-05-06T15:38:02,279,323,226,259
34,44,302,243,0.9004,YOLO,detection,1599,drone,Mode 1,C:/Users/user/Desktop/python/project/project/assets/raw/video/video_002.mp4,2026-05-06T15:38:02,280,324,226,260
35,47,302,243,0.8984,YOLO,detection,1600,drone,Mode 1,C:/Users/user/Desktop/python/project/project/assets/raw/video/video_002.mp4,2026-05-06T15:38:02,279,326,226,261
33,47,299,244,0.8901,YOLO,detection,1601,drone,Mode 1,C:/Users/user/Desktop/python/project/project/assets/raw/video/video_002.mp4,2026-05-06T15:38:02,276,323,228,261
33,48,298,243,0.9114,YOLO,detection,1602,drone,Mode 1,C:/Users/user/Desktop/python/project/project/assets/raw/video/video_002.mp4,2026-05-06T15:38:02,274,322,227,260
34,49,296,242,0.917,YOLO,detection,1603,drone,Mode 1,C:/Users/user/Desktop/python/project/project/assets/raw/video/video_002.mp4,2026-05-06T15:38:02,272,321,225,259
34,50,294,242,0.9156,YOLO,detection,1604,drone,Mode 1,C:/Users/user/Desktop/python/project/project/assets/raw/video/video_002.mp4,2026-05-06T15:38:02,269,319,225,259
35,51,292,239,0.9142,YOLO,detection,1605,drone,Mode 1,C:/Users/user/Desktop/python/project/project/assets/raw/video/video_002.mp4,2026-05-06T15:38:02,267,318,222,257
33,50,293,233,0.9168,YOLO,detection,1606,drone,Mode 1,C:/Users/user/Desktop/python/project/project/assets/raw/video/video_002.mp4,2026-05-06T15:38:02,268,318,217,250
31,50,295,227,0.9097,YOLO,detection,1607,drone,Mode 1,C:/Users/user/Desktop/python/project/project/assets/raw/video/video_002.mp4,2026-05-06T15:38:02,270,320,212,243
32,49,295,223,0.9249,YOLO,detection,1608,drone,Mode 1,C:/Users/user/Desktop/python/project/project/assets/raw/video/video_002.mp4,2026-05-06T15:38:02,271,320,207,239
33,49,295,221,0.9197,YOLO,detection,1609,drone,Mode 1,C:/Users/user/Desktop/python/project/project/assets/raw/video/video_002.mp4,2026-05-06T15:38:02,271,320,205,238
33,49,295,222,0.9239,YOLO,detection,1610,drone,Mode 1,C:/Users/user/Desktop/python/project/project/assets/raw/video/video_002.mp4,2026-05-06T15:38:02,271,320,206,239
33,52,294,223,0.9238,YOLO,detection,1611,drone,Mode 1,C:/Users/user/Desktop/python/project/project/assets/raw/video/video_002.mp4,2026-05-06T15:38:03,268,320,207,240
33,52,292,224,0.9253,YOLO,detection,1612,drone,Mode 1,C:/Users/user/Desktop/python/project/project/assets/raw/video/video_002.mp4,2026-05-06T15:38:03,266,318,208,241
32,53,290,225,0.9245,YOLO,detection,1613,drone,Mode 1,C:/Users/user/Desktop/python/project/project/assets/raw/video/video_002.mp4,2026-05-06T15:38:03,264,317,209,241
32,53,290,227,0.9226,YOLO,detection,1614,drone,Mode 1,C:/Users/user/Desktop/python/project/project/assets/raw/video/video_002.mp4,2026-05-06T15:38:03,264,317,211,243
33,52,293,228,0.9213,YOLO,detection,1615,drone,Mode 1,C:/Users/user/Desktop/python/project/project/assets/raw/video/video_002.mp4,2026-05-06T15:38:03,267,319,212,245
32,48,295,231,0.9071,YOLO,detection,1616,drone,Mode 1,C:/Users/user/Desktop/python/project/project/assets/raw/video/video_002.mp4,2026-05-06T15:38:03,271,319,215,247
32,46,297,239,0.9291,YOLO,detection,1617,drone,Mode 1,C:/Users/user/Desktop/python/project/project/assets/raw/video/video_002.mp4,2026-05-06T15:38:03,274,320,223,255
34,48,299,244,0.9257,YOLO,detection,1618,drone,Mode 1,C:/Users/user/Desktop/python/project/project/assets/raw/video/video_002.mp4,2026-05-06T15:38:03,275,323,227,261
31,45,299,251,0.9174,YOLO,detection,1619,drone,Mode 1,C:/Users/user/Desktop/python/project/project/assets/raw/video/video_002.mp4,2026-05-06T15:38:03,277,322,236,267
33,45,299,256,0.9139,YOLO,detection,1620,drone,Mode 1,C:/Users/user/Desktop/python/project/project/assets/raw/video/video_002.mp4,2026-05-06T15:38:03,277,322,240,273
35,46,301,260,0.896,YOLO,detection,1621,drone,Mode 1,C:/Users/user/Desktop/python/project/project/assets/raw/video/video_002.mp4,2026-05-06T15:38:03,278,324,243,278
36,46,302,265,0.9212,YOLO,detection,1622,drone,Mode 1,C:/Users/user/Desktop/python/project/project/assets/raw/video/video_002.mp4,2026-05-06T15:38:03,279,325,247,283
36,46,302,272,0.908,YOLO,detection,1623,drone,Mode 1,C:/Users/user/Desktop/python/project/project/assets/raw/video/video_002.mp4,2026-05-06T15:38:03,279,325,254,290
37,51,303,276,0.898,YOLO,detection,1624,drone,Mode 1,C:/Users/user/Desktop/python/project/project/assets/raw/video/video_002.mp4,2026-05-06T15:38:03,278,329,258,295
36,48,297,272,0.9258,YOLO,detection,1625,drone,Mode 1,C:/Users/user/Desktop/python/project/project/assets/raw/video/video_002.mp4,2026-05-06T15:38:03,273,321,254,290
34,53,291,256,0.9361,YOLO,detection,1626,drone,Mode 1,C:/Users/user/Desktop/python/project/project/assets/raw/video/video_002.mp4,2026-05-06T15:38:03,265,318,239,273
31,54,283,228,0.9146,YOLO,detection,1627,drone,Mode 1,C:/Users/user/Desktop/python/project/project/assets/raw/video/video_002.mp4,2026-05-06T15:38:03,256,310,213,244
36,52,276,211,0.9351,YOLO,detection,1628,drone,Mode 1,C:/Users/user/Desktop/python/project/project/assets/raw/video/video_002.mp4,2026-05-06T15:38:03,250,302,193,229
35,51,277,205,0.9363,YOLO,detection,1629,drone,Mode 1,C:/Users/user/Desktop/python/project/project/assets/raw/video/video_002.mp4,2026-05-06T15:38:03,252,303,188,223
35,51,282,217,0.9294,YOLO,detection,1630,drone,Mode 1,C:/Users/user/Desktop/python/project/project/assets/raw/video/video_002.mp4,2026-05-06T15:38:03,257,308,200,235
34,52,288,235,0.9347,YOLO,detection,1631,drone,Mode 1,C:/Users/user/Desktop/python/project/project/assets/raw/video/video_002.mp4,2026-05-06T15:38:03,262,314,218,252
31,50,290,251,0.9321,YOLO,detection,1632,drone,Mode 1,C:/Users/user/Desktop/python/project/project/assets/raw/video/video_002.mp4,2026-05-06T15:38:04,265,315,236,267
32,51,286,253,0.9249,YOLO,detection,1633,drone,Mode 1,C:/Users/user/Desktop/python/project/project/assets/raw/video/video_002.mp4,2026-05-06T15:38:04,261,312,237,269
35,53,276,243,0.9293,YOLO,detection,1634,drone,Mode 1,C:/Users/user/Desktop/python/project/project/assets/raw/video/video_002.mp4,2026-05-06T15:38:04,250,303,226,261
32,51,263,232,0.9272,YOLO,detection,1635,drone,Mode 1,C:/Users/user/Desktop/python/project/project/assets/raw/video/video_002.mp4,2026-05-06T15:38:04,238,289,216,248
32,54,259,225,0.9189,YOLO,detection,1636,drone,Mode 1,C:/Users/user/Desktop/python/project/project/assets/raw/video/video_002.mp4,2026-05-06T15:38:04,232,286,209,241
33,53,271,255,0.9355,YOLO,detection,1637,drone,Mode 1,C:/Users/user/Desktop/python/project/project/assets/raw/video/video_002.mp4,2026-05-06T15:38:04,245,298,239,272
36,49,294,298,0.9218,YOLO,detection,1638,drone,Mode 1,C:/Users/user/Desktop/python/project/project/assets/raw/video/video_002.mp4,2026-05-06T15:38:04,270,319,280,316
34,49,295,309,0.9219,YOLO,detection,1639,drone,Mode 1,C:/Users/user/Desktop/python/project/project/assets/raw/video/video_002.mp4,2026-05-06T15:38:04,271,320,292,326
34,50,278,288,0.9401,YOLO,detection,1640,drone,Mode 1,C:/Users/user/Desktop/python/project/project/assets/raw/video/video_002.mp4,2026-05-06T15:38:04,253,303,271,305
33,50,256,258,0.9391,YOLO,detection,1641,drone,Mode 1,C:/Users/user/Desktop/python/project/project/assets/raw/video/video_002.mp4,2026-05-06T15:38:04,231,281,242,275
30,50,246,251,0.9161,YOLO,detection,1642,drone,Mode 1,C:/Users/user/Desktop/python/project/project/assets/raw/video/video_002.mp4,2026-05-06T15:38:04,221,271,236,266
35,52,252,258,0.9367,YOLO,detection,1643,drone,Mode 1,C:/Users/user/Desktop/python/project/project/assets/raw/video/video_002.mp4,2026-05-06T15:38:04,226,278,241,276
35,53,256,266,0.9445,YOLO,detection,1644,drone,Mode 1,C:/Users/user/Desktop/python/project/project/assets/raw/video/video_002.mp4,2026-05-06T15:38:04,230,283,249,284
36,56,252,260,0.9362,YOLO,detection,1645,drone,Mode 1,C:/Users/user/Desktop/python/project/project/assets/raw/video/video_002.mp4,2026-05-06T15:38:04,224,280,242,278
30,54,243,251,0.9153,YOLO,detection,1646,drone,Mode 1,C:/Users/user/Desktop/python/project/project/assets/raw/video/video_002.mp4,2026-05-06T15:38:04,216,270,236,266
34,55,235,245,0.9108,YOLO,detection,1647,drone,Mode 1,C:/Users/user/Desktop/python/project/project/assets/raw/video/video_002.mp4,2026-05-06T15:38:04,208,263,228,262
31,54,235,253,0.9267,YOLO,detection,1648,drone,Mode 1,C:/Users/user/Desktop/python/project/project/assets/raw/video/video_002.mp4,2026-05-06T15:38:04,208,262,238,269
35,53,237,260,0.9414,YOLO,detection,1649,drone,Mode 1,C:/Users/user/Desktop/python/project/project/assets/raw/video/video_002.mp4,2026-05-06T15:38:04,211,264,243,278
36,54,236,264,0.9466,YOLO,detection,1650,drone,Mode 1,C:/Users/user/Desktop/python/project/project/assets/raw/video/video_002.mp4,2026-05-06T15:38:04,209,263,246,282
36,53,235,264,0.9437,YOLO,detection,1651,drone,Mode 1,C:/Users/user/Desktop/python/project/project/assets/raw/video/video_002.mp4,2026-05-06T15:38:04,209,262,246,282
35,53,236,266,0.942,YOLO,detection,1652,drone,Mode 1,C:/Users/user/Desktop/python/project/project/assets/raw/video/video_002.mp4,2026-05-06T15:38:04,210,263,249,284
36,54,239,270,0.9425,YOLO,detection,1653,drone,Mode 1,C:/Users/user/Desktop/python/project/project/assets/raw/video/video_002.mp4,2026-05-06T15:38:04,212,266,252,288
35,53,242,271,0.9426,YOLO,detection,1654,drone,Mode 1,C:/Users/user/Desktop/python/project/project/assets/raw/video/video_002.mp4,2026-05-06T15:38:05,216,269,254,289
34,50,243,272,0.9399,YOLO,detection,1655,drone,Mode 1,C:/Users/user/Desktop/python/project/project/assets/raw/video/video_002.mp4,2026-05-06T15:38:05,218,268,255,289
34,51,244,270,0.9396,YOLO,detection,1656,drone,Mode 1,C:/Users/user/Desktop/python/project/project/assets/raw/video/video_002.mp4,2026-05-06T15:38:05,219,270,253,287
35,52,247,266,0.9376,YOLO,detection,1657,drone,Mode 1,C:/Users/user/Desktop/python/project/project/assets/raw/video/video_002.mp4,2026-05-06T15:38:05,221,273,249,284
34,52,251,265,0.9328,YOLO,detection,1658,drone,Mode 1,C:/Users/user/Desktop/python/project/project/assets/raw/video/video_002.mp4,2026-05-06T15:38:05,225,277,248,282
35,50,255,263,0.9388,YOLO,detection,1659,drone,Mode 1,C:/Users/user/Desktop/python/project/project/assets/raw/video/video_002.mp4,2026-05-06T15:38:05,230,280,246,281
34,50,260,261,0.9333,YOLO,detection,1660,drone,Mode 1,C:/Users/user/Desktop/python/project/project/assets/raw/video/video_002.mp4,2026-05-06T15:38:05,235,285,244,278
32,49,264,258,0.9308,YOLO,detection,1661,drone,Mode 1,C:/Users/user/Desktop/python/project/project/assets/raw/video/video_002.mp4,2026-05-06T15:38:05,240,289,242,274
31,47,267,254,0.9161,YOLO,detection,1662,drone,Mode 1,C:/Users/user/Desktop/python/project/project/assets/raw/video/video_002.mp4,2026-05-06T15:38:05,244,291,239,270
28,46,270,252,0.9009,YOLO,detection,1663,drone,Mode 1,C:/Users/user/Desktop/python/project/project/assets/raw/video/video_002.mp4,2026-05-06T15:38:05,247,293,238,266
25,48,274,248,0.8929,YOLO,detection,1664,drone,Mode 1,C:/Users/user/Desktop/python/project/project/assets/raw/video/video_002.mp4,2026-05-06T15:38:05,250,298,236,261
33,51,278,241,0.781,YOLO,detection,1665,drone,Mode 1,C:/Users/user/Desktop/python/project/project/assets/raw/video/video_002.mp4,2026-05-06T15:38:05,253,304,225,258
36,52,282,239,0.8217,YOLO,detection,1666,drone,Mode 1,C:/Users/user/Desktop/python/project/project/assets/raw/video/video_002.mp4,2026-05-06T15:38:05,256,308,221,257
28,49,282,232,0.7147,YOLO,detection,1667,drone,Mode 1,C:/Users/user/Desktop/python/project/project/assets/raw/video/video_002.mp4,2026-05-06T15:38:05,258,307,218,246
28,51,281,228,0.8948,YOLO,detection,1668,drone,Mode 1,C:/Users/user/Desktop/python/project/project/assets/raw/video/video_002.mp4,2026-05-06T15:38:05,256,307,214,242
31,51,282,226,0.9096,YOLO,detection,1669,drone,Mode 1,C:/Users/user/Desktop/python/project/project/assets/raw/video/video_002.mp4,2026-05-06T15:38:05,257,308,211,242
31,49,282,224,0.9181,YOLO,detection,1670,drone,Mode 1,C:/Users/user/Desktop/python/project/project/assets/raw/video/video_002.mp4,2026-05-06T15:38:05,258,307,209,240
32,51,282,223,0.9233,YOLO,detection,1671,drone,Mode 1,C:/Users/user/Desktop/python/project/project/assets/raw/video/video_002.mp4,2026-05-06T15:38:05,257,308,207,239
33,53,282,220,0.9245,YOLO,detection,1672,drone,Mode 1,C:/Users/user/Desktop/python/project/project/assets/raw/video/video_002.mp4,2026-05-06T15:38:05,256,309,204,237
35,54,282,218,0.9334,YOLO,detection,1673,drone,Mode 1,C:/Users/user/Desktop/python/project/project/assets/raw/video/video_002.mp4,2026-05-06T15:38:05,255,309,201,236
37,56,284,216,0.9365,YOLO,detection,1674,drone,Mode 1,C:/Users/user/Desktop/python/project/project/assets/raw/video/video_002.mp4,2026-05-06T15:38:05,256,312,198,235
36,55,284,218,0.9366,YOLO,detection,1675,drone,Mode 1,C:/Users/user/Desktop/python/project/project/assets/raw/video/video_002.mp4,2026-05-06T15:38:06,257,312,200,236
35,54,284,218,0.9198,YOLO,detection,1676,drone,Mode 1,C:/Users/user/Desktop/python/project/project/assets/raw/video/video_002.mp4,2026-05-06T15:38:06,257,311,201,236
35,55,285,218,0.9318,YOLO,detection,1677,drone,Mode 1,C:/Users/user/Desktop/python/project/project/assets/raw/video/video_002.mp4,2026-05-06T15:38:06,258,313,201,236
36,54,287,218,0.9433,YOLO,detection,1678,drone,Mode 1,C:/Users/user/Desktop/python/project/project/assets/raw/video/video_002.mp4,2026-05-06T15:38:06,260,314,200,236
34,54,289,221,0.9427,YOLO,detection,1679,drone,Mode 1,C:/Users/user/Desktop/python/project/project/assets/raw/video/video_002.mp4,2026-05-06T15:38:06,262,316,204,238
35,53,291,225,0.9354,YOLO,detection,1680,drone,Mode 1,C:/Users/user/Desktop/python/project/project/assets/raw/video/video_002.mp4,2026-05-06T15:38:06,265,318,208,243
35,52,292,230,0.9363,YOLO,detection,1681,drone,Mode 1,C:/Users/user/Desktop/python/project/project/assets/raw/video/video_002.mp4,2026-05-06T15:38:06,266,318,213,248
35,55,290,231,0.9381,YOLO,detection,1682,drone,Mode 1,C:/Users/user/Desktop/python/project/project/assets/raw/video/video_002.mp4,2026-05-06T15:38:06,263,318,214,249
34,53,281,223,0.938,YOLO,detection,1683,drone,Mode 1,C:/Users/user/Desktop/python/project/project/assets/raw/video/video_002.mp4,2026-05-06T15:38:06,255,308,206,240
36,54,267,210,0.9496,YOLO,detection,1684,drone,Mode 1,C:/Users/user/Desktop/python/project/project/assets/raw/video/video_002.mp4,2026-05-06T15:38:06,240,294,192,228
37,54,260,205,0.9445,YOLO,detection,1685,drone,Mode 1,C:/Users/user/Desktop/python/project/project/assets/raw/video/video_002.mp4,2026-05-06T15:38:06,233,287,187,224
36,54,265,216,0.9441,YOLO,detection,1686,drone,Mode 1,C:/Users/user/Desktop/python/project/project/assets/raw/video/video_002.mp4,2026-05-06T15:38:06,238,292,198,234
34,53,274,226,0.9401,YOLO,detection,1687,drone,Mode 1,C:/Users/user/Desktop/python/project/project/assets/raw/video/video_002.mp4,2026-05-06T15:38:06,248,301,209,243
34,53,280,228,0.9421,YOLO,detection,1688,drone,Mode 1,C:/Users/user/Desktop/python/project/project/assets/raw/video/video_002.mp4,2026-05-06T15:38:06,254,307,211,245
34,54,284,224,0.9361,YOLO,detection,1689,drone,Mode 1,C:/Users/user/Desktop/python/project/project/assets/raw/video/video_002.mp4,2026-05-06T15:38:06,257,311,207,241
33,53,285,222,0.9399,YOLO,detection,1690,drone,Mode 1,C:/Users/user/Desktop/python/project/project/assets/raw/video/video_002.mp4,2026-05-06T15:38:06,259,312,206,239
33,53,286,223,0.9439,YOLO,detection,1691,drone,Mode 1,C:/Users/user/Desktop/python/project/project/assets/raw/video/video_002.mp4,2026-05-06T15:38:06,260,313,207,240
33,52,287,223,0.9458,YOLO,detection,1692,drone,Mode 1,C:/Users/user/Desktop/python/project/project/assets/raw/video/video_002.mp4,2026-05-06T15:38:06,261,313,207,240
34,50,286,223,0.9428,YOLO,detection,1693,drone,Mode 1,C:/Users/user/Desktop/python/project/project/assets/raw/video/video_002.mp4,2026-05-06T15:38:06,261,311,206,240
34,52,285,224,0.94,YOLO,detection,1694,drone,Mode 1,C:/Users/user/Desktop/python/project/project/assets/raw/video/video_002.mp4,2026-05-06T15:38:06,259,311,207,241
34,54,284,226,0.9482,YOLO,detection,1695,drone,Mode 1,C:/Users/user/Desktop/python/project/project/assets/raw/video/video_002.mp4,2026-05-06T15:38:06,257,311,209,243
35,54,285,226,0.9457,YOLO,detection,1696,drone,Mode 1,C:/Users/user/Desktop/python/project/project/assets/raw/video/video_002.mp4,2026-05-06T15:38:06,258,312,209,244
35,54,285,225,0.948,YOLO,detection,1697,drone,Mode 1,C:/Users/user/Desktop/python/project/project/assets/raw/video/video_002.mp4,2026-05-06T15:38:07,258,312,208,243
35,53,284,223,0.9453,YOLO,detection,1698,drone,Mode 1,C:/Users/user/Desktop/python/project/project/assets/raw/video/video_002.mp4,2026-05-06T15:38:07,258,311,206,241
33,51,284,222,0.9437,YOLO,detection,1699,drone,Mode 1,C:/Users/user/Desktop/python/project/project/assets/raw/video/video_002.mp4,2026-05-06T15:38:07,259,310,206,239
33,51,286,222,0.9428,YOLO,detection,1700,drone,Mode 1,C:/Users/user/Desktop/python/project/project/assets/raw/video/video_002.mp4,2026-05-06T15:38:07,261,312,206,239
34,52,287,223,0.9472,YOLO,detection,1701,drone,Mode 1,C:/Users/user/Desktop/python/project/project/assets/raw/video/video_002.mp4,2026-05-06T15:38:07,261,313,206,240
34,53,287,223,0.9476,YOLO,detection,1702,drone,Mode 1,C:/Users/user/Desktop/python/project/project/assets/raw/video/video_002.mp4,2026-05-06T15:38:07,261,314,206,240
34,54,288,223,0.9434,YOLO,detection,1703,drone,Mode 1,C:/Users/user/Desktop/python/project/project/assets/raw/video/video_002.mp4,2026-05-06T15:38:07,261,315,206,240
34,54,287,223,0.9459,YOLO,detection,1704,drone,Mode 1,C:/Users/user/Desktop/python/project/project/assets/raw/video/video_002.mp4,2026-05-06T15:38:07,260,314,206,240
33,51,287,222,0.945,YOLO,detection,1705,drone,Mode 1,C:/Users/user/Desktop/python/project/project/assets/raw/video/video_002.mp4,2026-05-06T15:38:07,262,313,206,239
33,52,288,221,0.946,YOLO,detection,1706,drone,Mode 1,C:/Users/user/Desktop/python/project/project/assets/raw/video/video_002.mp4,2026-05-06T15:38:07,262,314,205,238
34,53,289,222,0.9435,YOLO,detection,1707,drone,Mode 1,C:/Users/user/Desktop/python/project/project/assets/raw/video/video_002.mp4,2026-05-06T15:38:07,263,316,205,239
34,52,290,222,0.9423,YOLO,detection,1708,drone,Mode 1,C:/Users/user/Desktop/python/project/project/assets/raw/video/video_002.mp4,2026-05-06T15:38:07,264,316,205,239
33,52,290,221,0.9408,YOLO,detection,1709,drone,Mode 1,C:/Users/user/Desktop/python/project/project/assets/raw/video/video_002.mp4,2026-05-06T15:38:07,264,316,205,238
33,52,290,221,0.9471,YOLO,detection,1710,drone,Mode 1,C:/Users/user/Desktop/python/project/project/assets/raw/video/video_002.mp4,2026-05-06T15:38:07,264,316,205,238
34,51,289,222,0.9443,YOLO,detection,1711,drone,Mode 1,C:/Users/user/Desktop/python/project/project/assets/raw/video/video_002.mp4,2026-05-06T15:38:07,264,315,205,239
34,54,290,222,0.9403,YOLO,detection,1712,drone,Mode 1,C:/Users/user/Desktop/python/project/project/assets/raw/video/video_002.mp4,2026-05-06T15:38:07,263,317,205,239
33,52,290,222,0.9384,YOLO,detection,1713,drone,Mode 1,C:/Users/user/Desktop/python/project/project/assets/raw/video/video_002.mp4,2026-05-06T15:38:07,264,316,206,239
34,51,290,223,0.9414,YOLO,detection,1714,drone,Mode 1,C:/Users/user/Desktop/python/project/project/assets/raw/video/video_002.mp4,2026-05-06T15:38:07,265,316,206,240
34,49,291,223,0.9453,YOLO,detection,1715,drone,Mode 1,C:/Users/user/Desktop/python/project/project/assets/raw/video/video_002.mp4,2026-05-06T15:38:07,267,316,206,240
34,50,291,223,0.9438,YOLO,detection,1716,drone,Mode 1,C:/Users/user/Desktop/python/project/project/assets/raw/video/video_002.mp4,2026-05-06T15:38:07,266,316,206,240
34,52,291,223,0.9438,YOLO,detection,1717,drone,Mode 1,C:/Users/user/Desktop/python/project/project/assets/raw/video/video_002.mp4,2026-05-06T15:38:08,265,317,206,240
34,53,291,223,0.9425,YOLO,detection,1718,drone,Mode 1,C:/Users/user/Desktop/python/project/project/assets/raw/video/video_002.mp4,2026-05-06T15:38:08,265,318,206,240
34,54,291,223,0.943,YOLO,detection,1719,drone,Mode 1,C:/Users/user/Desktop/python/project/project/assets/raw/video/video_002.mp4,2026-05-06T15:38:08,264,318,206,240
34,52,291,223,0.9457,YOLO,detection,1720,drone,Mode 1,C:/Users/user/Desktop/python/project/project/assets/raw/video/video_002.mp4,2026-05-06T15:38:08,265,317,206,240
33,50,290,222,0.9436,YOLO,detection,1721,drone,Mode 1,C:/Users/user/Desktop/python/project/project/assets/raw/video/video_002.mp4,2026-05-06T15:38:08,265,315,206,239
34,50,291,222,0.9438,YOLO,detection,1722,drone,Mode 1,C:/Users/user/Desktop/python/project/project/assets/raw/video/video_002.mp4,2026-05-06T15:38:08,266,316,205,239
34,51,292,222,0.9425,YOLO,detection,1723,drone,Mode 1,C:/Users/user/Desktop/python/project/project/assets/raw/video/video_002.mp4,2026-05-06T15:38:08,267,318,205,239
33,52,292,221,0.9429,YOLO,detection,1724,drone,Mode 1,C:/Users/user/Desktop/python/project/project/assets/raw/video/video_002.mp4,2026-05-06T15:38:08,266,318,205,238
34,52,291,221,0.9434,YOLO,detection,1725,drone,Mode 1,C:/Users/user/Desktop/python/project/project/assets/raw/video/video_002.mp4,2026-05-06T15:38:08,265,317,204,238
34,52,290,221,0.9455,YOLO,detection,1726,drone,Mode 1,C:/Users/user/Desktop/python/project/project/assets/raw/video/video_002.mp4,2026-05-06T15:38:08,264,316,204,238
34,52,292,222,0.9425,YOLO,detection,1727,drone,Mode 1,C:/Users/user/Desktop/python/project/project/assets/raw/video/video_002.mp4,2026-05-06T15:38:08,266,318,205,239
34,52,292,223,0.9435,YOLO,detection,1728,drone,Mode 1,C:/Users/user/Desktop/python/project/project/assets/raw/video/video_002.mp4,2026-05-06T15:38:08,266,318,206,240
34,52,292,224,0.9406,YOLO,detection,1729,drone,Mode 1,C:/Users/user/Desktop/python/project/project/assets/raw/video/video_002.mp4,2026-05-06T15:38:08,266,318,207,241
34,51,290,225,0.9437,YOLO,detection,1730,drone,Mode 1,C:/Users/user/Desktop/python/project/project/assets/raw/video/video_002.mp4,2026-05-06T15:38:08,265,316,208,242
34,50,291,226,0.9462,YOLO,detection,1731,drone,Mode 1,C:/Users/user/Desktop/python/project/project/assets/raw/video/video_002.mp4,2026-05-06T15:38:08,266,316,209,243
34,51,290,227,0.9488,YOLO,detection,1732,drone,Mode 1,C:/Users/user/Desktop/python/project/project/assets/raw/video/video_002.mp4,2026-05-06T15:38:08,265,316,210,244
34,52,291,227,0.9476,YOLO,detection,1733,drone,Mode 1,C:/Users/user/Desktop/python/project/project/assets/raw/video/video_002.mp4,2026-05-06T15:38:08,265,317,210,244
35,52,290,227,0.9494,YOLO,detection,1734,drone,Mode 1,C:/Users/user/Desktop/python/project/project/assets/raw/video/video_002.mp4,2026-05-06T15:38:08,264,316,210,245
34,52,289,229,0.9466,YOLO,detection,1735,drone,Mode 1,C:/Users/user/Desktop/python/project/project/assets/raw/video/video_002.mp4,2026-05-06T15:38:08,263,315,212,246
35,53,289,229,0.9443,YOLO,detection,1736,drone,Mode 1,C:/Users/user/Desktop/python/project/project/assets/raw/video/video_002.mp4,2026-05-06T15:38:08,263,316,212,247
35,52,289,229,0.9442,YOLO,detection,1737,drone,Mode 1,C:/Users/user/Desktop/python/project/project/assets/raw/video/video_002.mp4,2026-05-06T15:38:08,263,315,212,247
35,52,287,229,0.9466,YOLO,detection,1738,drone,Mode 1,C:/Users/user/Desktop/python/project/project/assets/raw/video/video_002.mp4,2026-05-06T15:38:09,261,313,212,247
35,51,287,228,0.9434,YOLO,detection,1739,drone,Mode 1,C:/Users/user/Desktop/python/project/project/assets/raw/video/video_002.mp4,2026-05-06T15:38:09,262,313,211,246
34,52,290,227,0.9488,YOLO,detection,1740,drone,Mode 1,C:/Users/user/Desktop/python/project/project/assets/raw/video/video_002.mp4,2026-05-06T15:38:09,264,316,210,244
34,52,292,225,0.9458,YOLO,detection,1741,drone,Mode 1,C:/Users/user/Desktop/python/project/project/assets/raw/video/video_002.mp4,2026-05-06T15:38:09,266,318,208,242
33,49,293,224,0.9442,YOLO,detection,1742,drone,Mode 1,C:/Users/user/Desktop/python/project/project/assets/raw/video/video_002.mp4,2026-05-06T15:38:09,269,318,208,241
33,49,294,225,0.9475,YOLO,detection,1743,drone,Mode 1,C:/Users/user/Desktop/python/project/project/assets/raw/video/video_002.mp4,2026-05-06T15:38:09,270,319,209,242
34,51,295,226,0.9434,YOLO,detection,1744,drone,Mode 1,C:/Users/user/Desktop/python/project/project/assets/raw/video/video_002.mp4,2026-05-06T15:38:09,270,321,209,243
34,50,295,226,0.9435,YOLO,detection,1745,drone,Mode 1,C:/Users/user/Desktop/python/project/project/assets/raw/video/video_002.mp4,2026-05-06T15:38:09,270,320,209,243
34,49,293,226,0.9452,YOLO,detection,1746,drone,Mode 1,C:/Users/user/Desktop/python/project/project/assets/raw/video/video_002.mp4,2026-05-06T15:38:09,269,318,209,243
33,48,293,226,0.9455,YOLO,detection,1747,drone,Mode 1,C:/Users/user/Desktop/python/project/project/assets/raw/video/video_002.mp4,2026-05-06T15:38:09,269,317,210,243
33,49,292,226,0.9456,YOLO,detection,1748,drone,Mode 1,C:/Users/user/Desktop/python/project/project/assets/raw/video/video_002.mp4,2026-05-06T15:38:09,268,317,210,243
35,52,293,225,0.9433,YOLO,detection,1749,drone,Mode 1,C:/Users/user/Desktop/python/project/project/assets/raw/video/video_002.mp4,2026-05-06T15:38:09,267,319,208,243
33,48,293,226,0.947,YOLO,detection,1750,drone,Mode 1,C:/Users/user/Desktop/python/project/project/assets/raw/video/video_002.mp4,2026-05-06T15:38:09,269,317,210,243
34,50,295,226,0.9469,YOLO,detection,1751,drone,Mode 1,C:/Users/user/Desktop/python/project/project/assets/raw/video/video_002.mp4,2026-05-06T15:38:09,270,320,209,243
34,50,296,226,0.9479,YOLO,detection,1752,drone,Mode 1,C:/Users/user/Desktop/python/project/project/assets/raw/video/video_002.mp4,2026-05-06T15:38:09,271,321,209,243
34,49,294,226,0.949,YOLO,detection,1753,drone,Mode 1,C:/Users/user/Desktop/python/project/project/assets/raw/video/video_002.mp4,2026-05-06T15:38:09,270,319,209,243
34,50,294,226,0.9482,YOLO,detection,1754,drone,Mode 1,C:/Users/user/Desktop/python/project/project/assets/raw/video/video_002.mp4,2026-05-06T15:38:09,269,319,209,243
34,50,295,225,0.9445,YOLO,detection,1755,drone,Mode 1,C:/Users/user/Desktop/python/project/project/assets/raw/video/video_002.mp4,2026-05-06T15:38:09,270,320,208,242
34,49,294,225,0.9436,YOLO,detection,1756,drone,Mode 1,C:/Users/user/Desktop/python/project/project/assets/raw/video/video_002.mp4,2026-05-06T15:38:09,270,319,208,242
34,50,294,224,0.9441,YOLO,detection,1757,drone,Mode 1,C:/Users/user/Desktop/python/project/project/assets/raw/video/video_002.mp4,2026-05-06T15:38:09,269,319,207,241
33,51,293,223,0.943,YOLO,detection,1758,drone,Mode 1,C:/Users/user/Desktop/python/project/project/assets/raw/video/video_002.mp4,2026-05-06T15:38:09,268,319,207,240
33,51,293,223,0.941,YOLO,detection,1759,drone,Mode 1,C:/Users/user/Desktop/python/project/project/assets/raw/video/video_002.mp4,2026-05-06T15:38:09,268,319,207,240
34,51,293,224,0.9427,YOLO,detection,1760,drone,Mode 1,C:/Users/user/Desktop/python/project/project/assets/raw/video/video_002.mp4,2026-05-06T15:38:10,268,319,207,241
33,51,291,222,0.9427,YOLO,detection,1761,drone,Mode 1,C:/Users/user/Desktop/python/project/project/assets/raw/video/video_002.mp4,2026-05-06T15:38:10,266,317,206,239
34,53,292,222,0.9442,YOLO,detection,1762,drone,Mode 1,C:/Users/user/Desktop/python/project/project/assets/raw/video/video_002.mp4,2026-05-06T15:38:10,266,319,205,239
34,51,293,222,0.9438,YOLO,detection,1763,drone,Mode 1,C:/Users/user/Desktop/python/project/project/assets/raw/video/video_002.mp4,2026-05-06T15:38:10,268,319,205,239
35,53,292,222,0.9433,YOLO,detection,1764,drone,Mode 1,C:/Users/user/Desktop/python/project/project/assets/raw/video/video_002.mp4,2026-05-06T15:38:10,266,319,205,240
34,52,292,222,0.9398,YOLO,detection,1765,drone,Mode 1,C:/Users/user/Desktop/python/project/project/assets/raw/video/video_002.mp4,2026-05-06T15:38:10,266,318,205,239
35,53,292,222,0.9421,YOLO,detection,1766,drone,Mode 1,C:/Users/user/Desktop/python/project/project/assets/raw/video/video_002.mp4,2026-05-06T15:38:10,266,319,205,240
34,53,291,223,0.9447,YOLO,detection,1767,drone,Mode 1,C:/Users/user/Desktop/python/project/project/assets/raw/video/video_002.mp4,2026-05-06T15:38:10,265,318,206,240
33,51,289,223,0.9416,YOLO,detection,1768,drone,Mode 1,C:/Users/user/Desktop/python/project/project/assets/raw/video/video_002.mp4,2026-05-06T15:38:10,264,315,207,240
35,52,290,223,0.9383,YOLO,detection,1769,drone,Mode 1,C:/Users/user/Desktop/python/project/project/assets/raw/video/video_002.mp4,2026-05-06T15:38:10,264,316,206,241
35,53,289,224,0.9408,YOLO,detection,1770,drone,Mode 1,C:/Users/user/Desktop/python/project/project/assets/raw/video/video_002.mp4,2026-05-06T15:38:10,263,316,207,242
33,49,289,225,0.9446,YOLO,detection,1771,drone,Mode 1,C:/Users/user/Desktop/python/project/project/assets/raw/video/video_002.mp4,2026-05-06T15:38:10,265,314,209,242
34,50,289,226,0.9465,YOLO,detection,1772,drone,Mode 1,C:/Users/user/Desktop/python/project/project/assets/raw/video/video_002.mp4,2026-05-06T15:38:10,264,314,209,243
35,52,289,225,0.947,YOLO,detection,1773,drone,Mode 1,C:/Users/user/Desktop/python/project/project/assets/raw/video/video_002.mp4,2026-05-06T15:38:10,263,315,208,243
34,52,288,224,0.9443,YOLO,detection,1774,drone,Mode 1,C:/Users/user/Desktop/python/project/project/assets/raw/video/video_002.mp4,2026-05-06T15:38:10,262,314,207,241
35,53,286,223,0.9462,YOLO,detection,1775,drone,Mode 1,C:/Users/user/Desktop/python/project/project/assets/raw/video/video_002.mp4,2026-05-06T15:38:10,260,313,206,241
35,55,286,223,0.9475,YOLO,detection,1776,drone,Mode 1,C:/Users/user/Desktop/python/project/project/assets/raw/video/video_002.mp4,2026-05-06T15:38:10,259,314,206,241
34,52,286,223,0.9439,YOLO,detection,1777,drone,Mode 1,C:/Users/user/Desktop/python/project/project/assets/raw/video/video_002.mp4,2026-05-06T15:38:10,260,312,206,240
34,53,285,223,0.9403,YOLO,detection,1778,drone,Mode 1,C:/Users/user/Desktop/python/project/project/assets/raw/video/video_002.mp4,2026-05-06T15:38:10,259,312,206,240
35,54,287,222,0.9429,YOLO,detection,1779,drone,Mode 1,C:/Users/user/Desktop/python/project/project/assets/raw/video/video_002.mp4,2026-05-06T15:38:10,260,314,205,240
33,51,287,222,0.944,YOLO,detection,1780,drone,Mode 1,C:/Users/user/Desktop/python/project/project/assets/raw/video/video_002.mp4,2026-05-06T15:38:10,262,313,206,239
33,51,287,222,0.9434,YOLO,detection,1781,drone,Mode 1,C:/Users/user/Desktop/python/project/project/assets/raw/video/video_002.mp4,2026-05-06T15:38:11,262,313,206,239
34,54,288,222,0.9442,YOLO,detection,1782,drone,Mode 1,C:/Users/user/Desktop/python/project/project/assets/raw/video/video_002.mp4,2026-05-06T15:38:11,261,315,205,239
34,52,288,222,0.9434,YOLO,detection,1783,drone,Mode 1,C:/Users/user/Desktop/python/project/project/assets/raw/video/video_002.mp4,2026-05-06T15:38:11,262,314,205,239
34,52,288,222,0.9447,YOLO,detection,1784,drone,Mode 1,C:/Users/user/Desktop/python/project/project/assets/raw/video/video_002.mp4,2026-05-06T15:38:11,262,314,205,239
34,54,290,221,0.9445,YOLO,detection,1785,drone,Mode 1,C:/Users/user/Desktop/python/project/project/assets/raw/video/video_002.mp4,2026-05-06T15:38:11,263,317,204,238
35,53,290,220,0.9496,YOLO,detection,1786,drone,Mode 1,C:/Users/user/Desktop/python/project/project/assets/raw/video/video_002.mp4,2026-05-06T15:38:11,264,317,203,238
33,50,290,220,0.9458,YOLO,detection,1787,drone,Mode 1,C:/Users/user/Desktop/python/project/project/assets/raw/video/video_002.mp4,2026-05-06T15:38:11,265,315,204,237
34,52,291,220,0.9445,YOLO,detection,1788,drone,Mode 1,C:/Users/user/Desktop/python/project/project/assets/raw/video/video_002.mp4,2026-05-06T15:38:11,265,317,203,237
34,52,291,221,0.9461,YOLO,detection,1789,drone,Mode 1,C:/Users/user/Desktop/python/project/project/assets/raw/video/video_002.mp4,2026-05-06T15:38:11,265,317,204,238
34,51,290,221,0.9477,YOLO,detection,1790,drone,Mode 1,C:/Users/user/Desktop/python/project/project/assets/raw/video/video_002.mp4,2026-05-06T15:38:11,265,316,204,238
34,53,290,221,0.9462,YOLO,detection,1791,drone,Mode 1,C:/Users/user/Desktop/python/project/project/assets/raw/video/video_002.mp4,2026-05-06T15:38:11,264,317,204,238
35,55,290,220,0.9438,YOLO,detection,1792,drone,Mode 1,C:/Users/user/Desktop/python/project/project/assets/raw/video/video_002.mp4,2026-05-06T15:38:11,263,318,203,238
34,51,290,220,0.9467,YOLO,detection,1793,drone,Mode 1,C:/Users/user/Desktop/python/project/project/assets/raw/video/video_002.mp4,2026-05-06T15:38:11,265,316,203,237
34,50,292,220,0.9445,YOLO,detection,1794,drone,Mode 1,C:/Users/user/Desktop/python/project/project/assets/raw/video/video_002.mp4,2026-05-06T15:38:11,267,317,203,237
33,50,293,220,0.9439,YOLO,detection,1795,drone,Mode 1,C:/Users/user/Desktop/python/project/project/assets/raw/video/video_002.mp4,2026-05-06T15:38:11,268,318,204,237
33,49,292,220,0.9429,YOLO,detection,1796,drone,Mode 1,C:/Users/user/Desktop/python/project/project/assets/raw/video/video_002.mp4,2026-05-06T15:38:11,268,317,204,237
34,51,293,220,0.9423,YOLO,detection,1797,drone,Mode 1,C:/Users/user/Desktop/python/project/project/assets/raw/video/video_002.mp4,2026-05-06T15:38:11,268,319,203,237
35,52,293,219,0.9436,YOLO,detection,1798,drone,Mode 1,C:/Users/user/Desktop/python/project/project/assets/raw/video/video_002.mp4,2026-05-06T15:38:11,267,319,202,237
34,52,293,220,0.9444,YOLO,detection,1799,drone,Mode 1,C:/Users/user/Desktop/python/project/project/assets/raw/video/video_002.mp4,2026-05-06T15:38:11,267,319,203,237
34,52,293,219,0.9431,YOLO,detection,1800,drone,Mode 1,C:/Users/user/Desktop/python/project/project/assets/raw/video/video_002.mp4,2026-05-06T15:38:11,267,319,202,236
35,51,294,217,0.9449,YOLO,detection,1801,drone,Mode 1,C:/Users/user/Desktop/python/project/project/assets/raw/video/video_002.mp4,2026-05-06T15:38:11,269,320,200,235
34,51,294,218,0.9465,YOLO,detection,1802,drone,Mode 1,C:/Users/user/Desktop/python/project/project/assets/raw/video/video_002.mp4,2026-05-06T15:38:12,269,320,201,235
34,49,295,218,0.9449,YOLO,detection,1803,drone,Mode 1,C:/Users/user/Desktop/python/project/project/assets/raw/video/video_002.mp4,2026-05-06T15:38:12,271,320,201,235
34,51,295,218,0.9477,YOLO,detection,1804,drone,Mode 1,C:/Users/user/Desktop/python/project/project/assets/raw/video/video_002.mp4,2026-05-06T15:38:12,270,321,201,235
34,50,295,218,0.9463,YOLO,detection,1805,drone,Mode 1,C:/Users/user/Desktop/python/project/project/assets/raw/video/video_002.mp4,2026-05-06T15:38:12,270,320,201,235
34,50,295,219,0.9459,YOLO,detection,1806,drone,Mode 1,C:/Users/user/Desktop/python/project/project/assets/raw/video/video_002.mp4,2026-05-06T15:38:12,270,320,202,236
34,49,295,219,0.9447,YOLO,detection,1807,drone,Mode 1,C:/Users/user/Desktop/python/project/project/assets/raw/video/video_002.mp4,2026-05-06T15:38:12,271,320,202,236
34,50,295,219,0.9463,YOLO,detection,1808,drone,Mode 1,C:/Users/user/Desktop/python/project/project/assets/raw/video/video_002.mp4,2026-05-06T15:38:12,270,320,202,236
35,51,294,219,0.9418,YOLO,detection,1809,drone,Mode 1,C:/Users/user/Desktop/python/project/project/assets/raw/video/video_002.mp4,2026-05-06T15:38:12,269,320,202,237
35,51,295,219,0.9429,YOLO,detection,1810,drone,Mode 1,C:/Users/user/Desktop/python/project/project/assets/raw/video/video_002.mp4,2026-05-06T15:38:12,270,321,202,237
36,53,296,219,0.9432,YOLO,detection,1811,drone,Mode 1,C:/Users/user/Desktop/python/project/project/assets/raw/video/video_002.mp4,2026-05-06T15:38:12,270,323,201,237
35,51,295,219,0.9453,YOLO,detection,1812,drone,Mode 1,C:/Users/user/Desktop/python/project/project/assets/raw/video/video_002.mp4,2026-05-06T15:38:12,270,321,202,237
34,50,296,219,0.9464,YOLO,detection,1813,drone,Mode 1,C:/Users/user/Desktop/python/project/project/assets/raw/video/video_002.mp4,2026-05-06T15:38:12,271,321,202,236
35,51,296,218,0.9456,YOLO,detection,1814,drone,Mode 1,C:/Users/user/Desktop/python/project/project/assets/raw/video/video_002.mp4,2026-05-06T15:38:12,271,322,201,236
35,53,296,217,0.9405,YOLO,detection,1815,drone,Mode 1,C:/Users/user/Desktop/python/project/project/assets/raw/video/video_002.mp4,2026-05-06T15:38:12,270,323,200,235
23,37,566,248,0.925,YOLO,detection,1,drone,Mode 1,C:/Users/user/Desktop/python/project/project/assets/raw/video/video_002.mp4,2026-05-06T15:38:16,548,585,237,260
25,37,554,256,0.9205,YOLO,detection,2,drone,Mode 1,C:/Users/user/Desktop/python/project/project/assets/raw/video/video_002.mp4,2026-05-06T15:38:17,536,573,244,269
25,38,558,269,0.9182,YOLO,detection,3,drone,Mode 1,C:/Users/user/Desktop/python/project/project/assets/raw/video/video_002.mp4,2026-05-06T15:38:17,539,577,257,282
26,40,570,280,0.9225,YOLO,detection,4,drone,Mode 1,C:/Users/user/Desktop/python/project/project/assets/raw/video/video_002.mp4,2026-05-06T15:38:17,550,590,267,293
25,41,573,284,0.9187,YOLO,detection,5,drone,Mode 1,C:/Users/user/Desktop/python/project/project/assets/raw/video/video_002.mp4,2026-05-06T15:38:17,553,594,272,297
25,39,566,280,0.9222,YOLO,detection,6,drone,Mode 1,C:/Users/user/Desktop/python/project/project/assets/raw/video/video_002.mp4,2026-05-06T15:38:17,547,586,268,293
25,39,560,275,0.9143,YOLO,detection,7,drone,Mode 1,C:/Users/user/Desktop/python/project/project/assets/raw/video/video_002.mp4,2026-05-06T15:38:17,541,580,263,288
25,40,559,271,0.9328,YOLO,detection,8,drone,Mode 1,C:/Users/user/Desktop/python/project/project/assets/raw/video/video_002.mp4,2026-05-06T15:38:17,539,579,259,284
25,41,561,270,0.9204,YOLO,detection,9,drone,Mode 1,C:/Users/user/Desktop/python/project/project/assets/raw/video/video_002.mp4,2026-05-06T15:38:17,541,582,258,283
25,42,563,271,0.9266,YOLO,detection,10,drone,Mode 1,C:/Users/user/Desktop/python/project/project/assets/raw/video/video_002.mp4,2026-05-06T15:38:17,542,584,259,284
25,41,562,275,0.912,YOLO,detection,11,drone,Mode 1,C:/Users/user/Desktop/python/project/project/assets/raw/video/video_002.mp4,2026-05-06T15:38:17,542,583,263,288
24,40,562,277,0.9189,YOLO,detection,12,drone,Mode 1,C:/Users/user/Desktop/python/project/project/assets/raw/video/video_002.mp4,2026-05-06T15:38:17,542,582,265,289
24,38,561,275,0.9194,YOLO,detection,13,drone,Mode 1,C:/Users/user/Desktop/python/project/project/assets/raw/video/video_002.mp4,2026-05-06T15:38:17,542,580,263,287
24,40,559,271,0.9298,YOLO,detection,14,drone,Mode 1,C:/Users/user/Desktop/python/project/project/assets/raw/video/video_002.mp4,2026-05-06T15:38:17,539,579,259,283
25,40,559,267,0.9228,YOLO,detection,15,drone,Mode 1,C:/Users/user/Desktop/python/project/project/assets/raw/video/video_002.mp4,2026-05-06T15:38:17,539,579,255,280
25,41,557,265,0.9213,YOLO,detection,16,drone,Mode 1,C:/Users/user/Desktop/python/project/project/assets/raw/video/video_002.mp4,2026-05-06T15:38:17,537,578,253,278
25,40,559,264,0.929,YOLO,detection,17,drone,Mode 1,C:/Users/user/Desktop/python/project/project/assets/raw/video/video_002.mp4,2026-05-06T15:38:17,539,579,252,277
25,41,558,263,0.9297,YOLO,detection,18,drone,Mode 1,C:/Users/user/Desktop/python/project/project/assets/raw/video/video_002.mp4,2026-05-06T15:38:17,538,579,251,276
26,42,561,263,0.927,YOLO,detection,19,drone,Mode 1,C:/Users/user/Desktop/python/project/project/assets/raw/video/video_002.mp4,2026-05-06T15:38:17,540,582,250,276
26,41,562,262,0.9157,YOLO,detection,20,drone,Mode 1,C:/Users/user/Desktop/python/project/project/assets/raw/video/video_002.mp4,2026-05-06T15:38:17,542,583,249,275
26,39,558,257,0.9271,YOLO,detection,21,drone,Mode 1,C:/Users/user/Desktop/python/project/project/assets/raw/video/video_002.mp4,2026-05-06T15:38:18,539,578,244,270
26,40,554,257,0.9262,YOLO,detection,22,drone,Mode 1,C:/Users/user/Desktop/python/project/project/assets/raw/video/video_002.mp4,2026-05-06T15:38:18,534,574,244,270
25,40,553,262,0.9221,YOLO,detection,23,drone,Mode 1,C:/Users/user/Desktop/python/project/project/assets/raw/video/video_002.mp4,2026-05-06T15:38:18,533,573,250,275
26,41,550,270,0.9209,YOLO,detection,24,drone,Mode 1,C:/Users/user/Desktop/python/project/project/assets/raw/video/video_002.mp4,2026-05-06T15:38:18,530,571,257,283
24,38,543,279,0.9318,YOLO,detection,25,drone,Mode 1,C:/Users/user/Desktop/python/project/project/assets/raw/video/video_002.mp4,2026-05-06T15:38:18,524,562,267,291
26,39,531,288,0.9249,YOLO,detection,26,drone,Mode 1,C:/Users/user/Desktop/python/project/project/assets/raw/video/video_002.mp4,2026-05-06T15:38:18,512,551,275,301
25,38,520,298,0.9154,YOLO,detection,27,drone,Mode 1,C:/Users/user/Desktop/python/project/project/assets/raw/video/video_002.mp4,2026-05-06T15:38:18,501,539,286,311
25,38,510,309,0.9117,YOLO,detection,28,drone,Mode 1,C:/Users/user/Desktop/python/project/project/assets/raw/video/video_002.mp4,2026-05-06T15:38:18,491,529,297,322
24,39,499,319,0.9211,YOLO,detection,29,drone,Mode 1,C:/Users/user/Desktop/python/project/project/assets/raw/video/video_002.mp4,2026-05-06T15:38:18,480,519,307,331
25,43,488,325,0.9034,YOLO,detection,30,drone,Mode 1,C:/Users/user/Desktop/python/project/project/assets/raw/video/video_002.mp4,2026-05-06T15:38:18,467,510,313,338
25,43,475,332,0.9038,YOLO,detection,31,drone,Mode 1,C:/Users/user/Desktop/python/project/project/assets/raw/video/video_002.mp4,2026-05-06T15:38:18,454,497,320,345
23,41,468,332,0.9126,YOLO,detection,32,drone,Mode 1,C:/Users/user/Desktop/python/project/project/assets/raw/video/video_002.mp4,2026-05-06T15:38:18,448,489,321,344
24,42,469,326,0.9217,YOLO,detection,33,drone,Mode 1,C:/Users/user/Desktop/python/project/project/assets/raw/video/video_002.mp4,2026-05-06T15:38:18,448,490,314,338
24,41,471,324,0.9158,YOLO,detection,34,drone,Mode 1,C:/Users/user/Desktop/python/project/project/assets/raw/video/video_002.mp4,2026-05-06T15:38:18,451,492,312,336
24,40,475,330,0.9204,YOLO,detection,35,drone,Mode 1,C:/Users/user/Desktop/python/project/project/assets/raw/video/video_002.mp4,2026-05-06T15:38:18,455,495,318,342
23,39,476,339,0.9173,YOLO,detection,36,drone,Mode 1,C:/Users/user/Desktop/python/project/project/assets/raw/video/video_002.mp4,2026-05-06T15:38:18,457,496,328,351
24,37,480,349,0.9222,YOLO,detection,37,drone,Mode 1,C:/Users/user/Desktop/python/project/project/assets/raw/video/video_002.mp4,2026-05-06T15:38:18,462,499,337,361
25,42,486,355,0.9222,YOLO,detection,38,drone,Mode 1,C:/Users/user/Desktop/python/project/project/assets/raw/video/video_002.mp4,2026-05-06T15:38:18,465,507,343,368
25,40,493,352,0.9298,YOLO,detection,39,drone,Mode 1,C:/Users/user/Desktop/python/project/project/assets/raw/video/video_002.mp4,2026-05-06T15:38:18,473,513,340,365
24,41,499,341,0.9163,YOLO,detection,40,drone,Mode 1,C:/Users/user/Desktop/python/project/project/assets/raw/video/video_002.mp4,2026-05-06T15:38:18,479,520,329,353
23,37,566,248,0.925,YOLO,detection,1,drone,Mode 1,C:/Users/user/Desktop/python/project/project/assets/raw/video/video_002.mp4,2026-05-06T15:38:34,548,585,237,260
25,37,554,256,0.9205,YOLO,detection,2,drone,Mode 1,C:/Users/user/Desktop/python/project/project/assets/raw/video/video_002.mp4,2026-05-06T15:38:34,536,573,244,269
25,38,558,269,0.9182,YOLO,detection,3,drone,Mode 1,C:/Users/user/Desktop/python/project/project/assets/raw/video/video_002.mp4,2026-05-06T15:38:34,539,577,257,282
26,40,570,280,0.9225,YOLO,detection,4,drone,Mode 1,C:/Users/user/Desktop/python/project/project/assets/raw/video/video_002.mp4,2026-05-06T15:38:34,550,590,267,293
25,41,573,284,0.9187,YOLO,detection,5,drone,Mode 1,C:/Users/user/Desktop/python/project/project/assets/raw/video/video_002.mp4,2026-05-06T15:38:34,553,594,272,297
25,39,566,280,0.9222,YOLO,detection,6,drone,Mode 1,C:/Users/user/Desktop/python/project/project/assets/raw/video/video_002.mp4,2026-05-06T15:38:34,547,586,268,293
25,39,560,275,0.9143,YOLO,detection,7,drone,Mode 1,C:/Users/user/Desktop/python/project/project/assets/raw/video/video_002.mp4,2026-05-06T15:38:34,541,580,263,288
25,40,559,271,0.9328,YOLO,detection,8,drone,Mode 1,C:/Users/user/Desktop/python/project/project/assets/raw/video/video_002.mp4,2026-05-06T15:38:34,539,579,259,284
25,41,561,270,0.9204,YOLO,detection,9,drone,Mode 1,C:/Users/user/Desktop/python/project/project/assets/raw/video/video_002.mp4,2026-05-06T15:38:34,541,582,258,283
25,42,563,271,0.9266,YOLO,detection,10,drone,Mode 1,C:/Users/user/Desktop/python/project/project/assets/raw/video/video_002.mp4,2026-05-06T15:38:34,542,584,259,284
25,41,562,275,0.912,YOLO,detection,11,drone,Mode 1,C:/Users/user/Desktop/python/project/project/assets/raw/video/video_002.mp4,2026-05-06T15:38:34,542,583,263,288
24,40,562,277,0.9189,YOLO,detection,12,drone,Mode 1,C:/Users/user/Desktop/python/project/project/assets/raw/video/video_002.mp4,2026-05-06T15:38:34,542,582,265,289
24,38,561,275,0.9194,YOLO,detection,13,drone,Mode 1,C:/Users/user/Desktop/python/project/project/assets/raw/video/video_002.mp4,2026-05-06T15:38:34,542,580,263,287
24,40,559,271,0.9298,YOLO,detection,14,drone,Mode 1,C:/Users/user/Desktop/python/project/project/assets/raw/video/video_002.mp4,2026-05-06T15:38:34,539,579,259,283
25,40,559,267,0.9228,YOLO,detection,15,drone,Mode 1,C:/Users/user/Desktop/python/project/project/assets/raw/video/video_002.mp4,2026-05-06T15:38:34,539,579,255,280
25,41,557,265,0.9213,YOLO,detection,16,drone,Mode 1,C:/Users/user/Desktop/python/project/project/assets/raw/video/video_002.mp4,2026-05-06T15:38:34,537,578,253,278
25,40,559,264,0.929,YOLO,detection,17,drone,Mode 1,C:/Users/user/Desktop/python/project/project/assets/raw/video/video_002.mp4,2026-05-06T15:38:35,539,579,252,277
25,41,558,263,0.9297,YOLO,detection,18,drone,Mode 1,C:/Users/user/Desktop/python/project/project/assets/raw/video/video_002.mp4,2026-05-06T15:38:35,538,579,251,276
26,42,561,263,0.927,YOLO,detection,19,drone,Mode 1,C:/Users/user/Desktop/python/project/project/assets/raw/video/video_002.mp4,2026-05-06T15:38:35,540,582,250,276
26,41,562,262,0.9157,YOLO,detection,20,drone,Mode 1,C:/Users/user/Desktop/python/project/project/assets/raw/video/video_002.mp4,2026-05-06T15:38:35,542,583,249,275
26,39,558,257,0.9271,YOLO,detection,21,drone,Mode 1,C:/Users/user/Desktop/python/project/project/assets/raw/video/video_002.mp4,2026-05-06T15:38:35,539,578,244,270
26,40,554,257,0.9262,YOLO,detection,22,drone,Mode 1,C:/Users/user/Desktop/python/project/project/assets/raw/video/video_002.mp4,2026-05-06T15:38:35,534,574,244,270
25,40,553,262,0.9221,YOLO,detection,23,drone,Mode 1,C:/Users/user/Desktop/python/project/project/assets/raw/video/video_002.mp4,2026-05-06T15:38:35,533,573,250,275
26,41,550,270,0.9209,YOLO,detection,24,drone,Mode 1,C:/Users/user/Desktop/python/project/project/assets/raw/video/video_002.mp4,2026-05-06T15:38:35,530,571,257,283
24,38,543,279,0.9318,YOLO,detection,25,drone,Mode 1,C:/Users/user/Desktop/python/project/project/assets/raw/video/video_002.mp4,2026-05-06T15:38:35,524,562,267,291
26,39,531,288,0.9249,YOLO,detection,26,drone,Mode 1,C:/Users/user/Desktop/python/project/project/assets/raw/video/video_002.mp4,2026-05-06T15:38:35,512,551,275,301
25,38,520,298,0.9154,YOLO,detection,27,drone,Mode 1,C:/Users/user/Desktop/python/project/project/assets/raw/video/video_002.mp4,2026-05-06T15:38:35,501,539,286,311
25,38,510,309,0.9117,YOLO,detection,28,drone,Mode 1,C:/Users/user/Desktop/python/project/project/assets/raw/video/video_002.mp4,2026-05-06T15:38:35,491,529,297,322
24,39,499,319,0.9211,YOLO,detection,29,drone,Mode 1,C:/Users/user/Desktop/python/project/project/assets/raw/video/video_002.mp4,2026-05-06T15:38:35,480,519,307,331
25,43,488,325,0.9034,YOLO,detection,30,drone,Mode 1,C:/Users/user/Desktop/python/project/project/assets/raw/video/video_002.mp4,2026-05-06T15:38:35,467,510,313,338
25,43,475,332,0.9038,YOLO,detection,31,drone,Mode 1,C:/Users/user/Desktop/python/project/project/assets/raw/video/video_002.mp4,2026-05-06T15:38:35,454,497,320,345
23,41,468,332,0.9126,YOLO,detection,32,drone,Mode 1,C:/Users/user/Desktop/python/project/project/assets/raw/video/video_002.mp4,2026-05-06T15:38:35,448,489,321,344
24,42,469,326,0.9217,YOLO,detection,33,drone,Mode 1,C:/Users/user/Desktop/python/project/project/assets/raw/video/video_002.mp4,2026-05-06T15:38:35,448,490,314,338
24,41,471,324,0.9158,YOLO,detection,34,drone,Mode 1,C:/Users/user/Desktop/python/project/project/assets/raw/video/video_002.mp4,2026-05-06T15:38:35,451,492,312,336
24,40,475,330,0.9204,YOLO,detection,35,drone,Mode 1,C:/Users/user/Desktop/python/project/project/assets/raw/video/video_002.mp4,2026-05-06T15:38:35,455,495,318,342
23,39,476,339,0.9173,YOLO,detection,36,drone,Mode 1,C:/Users/user/Desktop/python/project/project/assets/raw/video/video_002.mp4,2026-05-06T15:38:35,457,496,328,351
24,37,480,349,0.9222,YOLO,detection,37,drone,Mode 1,C:/Users/user/Desktop/python/project/project/assets/raw/video/video_002.mp4,2026-05-06T15:38:35,462,499,337,361
25,42,486,355,0.9222,YOLO,detection,38,drone,Mode 1,C:/Users/user/Desktop/python/project/project/assets/raw/video/video_002.mp4,2026-05-06T15:38:36,465,507,343,368
25,40,493,352,0.9298,YOLO,detection,39,drone,Mode 1,C:/Users/user/Desktop/python/project/project/assets/raw/video/video_002.mp4,2026-05-06T15:38:36,473,513,340,365
24,41,499,341,0.9163,YOLO,detection,40,drone,Mode 1,C:/Users/user/Desktop/python/project/project/assets/raw/video/video_002.mp4,2026-05-06T15:38:36,479,520,329,353
24,39,505,327,0.9311,YOLO,detection,41,drone,Mode 1,C:/Users/user/Desktop/python/project/project/assets/raw/video/video_002.mp4,2026-05-06T15:38:36,486,525,315,339
24,39,511,312,0.9315,YOLO,detection,42,drone,Mode 1,C:/Users/user/Desktop/python/project/project/assets/raw/video/video_002.mp4,2026-05-06T15:38:36,492,531,300,324
24,40,511,303,0.9345,YOLO,detection,43,drone,Mode 1,C:/Users/user/Desktop/python/project/project/assets/raw/video/video_002.mp4,2026-05-06T15:38:36,491,531,291,315
